match_id,match_date,recovery_time,recovery_x,recovery_y,recovery_player,recovery_player_id,time_to_attack,vert_progression,progression_speed,first_action_type,action_player
5674984,2025-02-25,220394,29.0,33.0,J. Zigiotti Olme,226313,3.016,10.0,3.315649867374005,pass,H. Bennison
5674984,2025-02-25,243149,90.0,80.0,S. Blackstenius,248583,9.918,-43.0,-4.335551522484372,pass,E. Kullberg
5674984,2025-02-25,356184,36.0,17.0,J. Zigiotti Olme,226313,9.712,-15.0,-1.5444810543657332,pass,A. Nildén
5674984,2025-02-25,358743,32.0,24.0,A. Nildén,329585,7.153,-11.0,-1.5378163008527892,pass,A. Nildén
5674984,2025-02-25,360380,23.0,38.0,E. Kullberg,52772,5.516,-2.0,-0.36258158085569253,pass,A. Nildén
5674984,2025-02-25,361863,21.0,34.0,E. Kullberg,52772,4.033,0.0,0.0,pass,A. Nildén
5674984,2025-02-25,383747,83.0,46.0,M. Vinberg,740964,9.035,-47.0,-5.201992252351965,pass,J. Falk
5674984,2025-02-25,385527,81.0,52.0,M. Vinberg,740964,7.255,-45.0,-6.202618883528601,pass,J. Falk
5674984,2025-02-25,386762,77.0,62.0,H. Bennison,566401,6.02,-41.0,-6.810631229235881,pass,J. Falk
5674984,2025-02-25,447033,61.0,75.0,F. Angeldahl,212489,3.206,14.0,4.366812227074236,pass,S. Blackstenius
5674984,2025-02-25,499312,58.0,90.0,H. Lundkvist,571908,3.447,1.0,0.2901073397156948,pass,H. Lundkvist
5674984,2025-02-25,501772,58.0,96.0,H. Lundkvist,571908,0.987,1.0,1.0131712259371835,pass,H. Lundkvist
5674984,2025-02-25,533187,66.0,51.0,F. Angeldahl,212489,2.799,1.0,0.35727045373347627,pass,F. Angeldahl
5674984,2025-02-25,551163,55.0,95.0,E. Kullberg,52772,5.882,9.0,1.5300918055083306,pass,F. Angeldahl
5674984,2025-02-25,554424,55.0,86.0,H. Bennison,566401,2.621,9.0,3.4338038916444105,pass,F. Angeldahl
5674984,2025-02-25,555881,60.0,66.0,M. Vinberg,740964,1.164,4.0,3.436426116838488,pass,F. Angeldahl
5674984,2025-02-25,641486,58.0,7.0,A. Nildén,329585,3.825,-21.0,-5.490196078431373,pass,M. Eriksson
5674984,2025-02-25,648138,58.0,3.0,M. Vinberg,740964,3.167,15.0,4.7363435427849705,pass,M. Vinberg
5674984,2025-02-25,699367,52.0,52.0,F. Angeldahl,212489,2.05,-1.0,-0.48780487804878053,pass,M. Vinberg
5674984,2025-02-25,771206,49.0,82.0,J. Zigiotti Olme,226313,9.811,-18.0,-1.8346753643869127,pass,E. Kullberg
5674984,2025-02-25,774546,61.0,84.0,,0,6.471,-30.0,-4.6360686138154845,pass,E. Kullberg
5674984,2025-02-25,777280,38.0,95.0,E. Kullberg,52772,3.737,-7.0,-1.873160289001873,pass,E. Kullberg
5674984,2025-02-25,778543,44.0,91.0,H. Lundkvist,571908,2.474,-13.0,-5.254648342764753,pass,E. Kullberg
5674984,2025-02-25,815468,65.0,6.0,M. Vinberg,740964,5.429,27.0,4.973291582243506,pass,M. Vinberg
5674984,2025-02-25,890412,59.0,77.0,H. Bennison,566401,0.597,-2.0,-3.3500837520938025,pass,H. Lundkvist
5674984,2025-02-25,895434,54.0,65.0,J. Zigiotti Olme,226313,2.563,-8.0,-3.1213421771361682,pass,J. Zigiotti Olme
5674984,2025-02-25,921570,87.0,82.0,J. Rytting Kaneryd,248585,0.599,6.0,10.01669449081803,pass,J. Rytting Kaneryd
5674984,2025-02-25,972763,81.0,79.0,,0,0.532,1.0,1.8796992481203008,pass,F. Angeldahl
5674984,2025-02-25,1002689,71.0,67.0,H. Bennison,566401,1.618,9.0,5.562422744128553,pass,F. Angeldahl
5674984,2025-02-25,1053127,42.0,28.0,J. Zigiotti Olme,226313,1.426,1.0,0.7012622720897616,pass,J. Zigiotti Olme
5674984,2025-02-25,1222551,30.0,93.0,F. Angeldahl,212489,0.406,-2.0,-4.926108374384236,pass,H. Lundkvist
5674984,2025-02-25,1248918,30.0,93.0,H. Lundkvist,571908,6.382,-5.0,-0.783453462864306,pass,H. Bennison
5674984,2025-02-25,1254752,26.0,97.0,H. Bennison,566401,0.548,-1.0,-1.824817518248175,pass,H. Bennison
5674984,2025-02-25,1259282,26.0,91.0,H. Bennison,566401,0.455,-1.0,-2.1978021978021975,pass,H. Bennison
5674984,2025-02-25,1260846,20.0,87.0,H. Lundkvist,571908,1.985,7.0,3.526448362720403,pass,H. Lundkvist
5674984,2025-02-25,1262487,24.0,85.0,H. Lundkvist,571908,0.344,3.0,8.72093023255814,pass,H. Lundkvist
5674984,2025-02-25,1309831,51.0,95.0,H. Lundkvist,571908,8.468,-19.0,-2.2437411431270666,pass,J. Rytting Kaneryd
5674984,2025-02-25,1313926,47.0,89.0,J. Rytting Kaneryd,248585,4.373,-15.0,-3.430139492339355,pass,J. Rytting Kaneryd
5674984,2025-02-25,1367626,80.0,45.0,H. Bennison,566401,0.145,3.0,20.689655172413794,pass,H. Bennison
5674984,2025-02-25,1452615,93.0,63.0,J. Rytting Kaneryd,248585,6.083,-2.0,-0.3287851389117212,pass,A. Nildén
5674984,2025-02-25,1482146,83.0,56.0,S. Blackstenius,248583,0.717,1.0,1.394700139470014,pass,S. Blackstenius
5674984,2025-02-25,1497887,73.0,69.0,F. Angeldahl,212489,1.141,2.0,1.7528483786152498,pass,F. Angeldahl
5674984,2025-02-25,1517626,76.0,86.0,E. Kullberg,52772,1.523,-2.0,-1.3131976362442548,pass,E. Kullberg
5674984,2025-02-25,1528994,95.0,89.0,H. Bennison,566401,2.929,-8.0,-2.7313076135199728,pass,H. Bennison
5674984,2025-02-25,1535322,81.0,90.0,H. Bennison,566401,2.295,-1.0,-0.4357298474945534,pass,H. Bennison
5674984,2025-02-25,1653845,89.0,11.0,A. Nildén,329585,1.139,9.0,7.9016681299385425,pass,A. Nildén
5674984,2025-02-25,1731897,40.0,89.0,J. Rytting Kaneryd,248585,3.274,3.0,0.916310323762981,pass,F. Angeldahl
5674984,2025-02-25,1734714,47.0,90.0,F. Angeldahl,212489,0.457,-4.0,-8.752735229759299,pass,F. Angeldahl
5674984,2025-02-25,1932675,22.0,97.0,J. Rytting Kaneryd,248585,2.041,-4.0,-1.9598236158745714,pass,J. Zigiotti Olme
5674984,2025-02-25,2137525,82.0,11.0,,0,6.469,2.0,0.30916679548616477,pass,M. Vinberg
5674984,2025-02-25,2142137,85.0,12.0,M. Vinberg,740964,1.857,-1.0,-0.5385029617662898,pass,M. Vinberg
5674984,2025-02-25,2142415,82.0,10.0,F. Angeldahl,212489,1.579,2.0,1.266624445851805,pass,M. Vinberg
5674984,2025-02-25,2149841,54.0,29.0,M. Eriksson,52012,5.609,6.0,1.0697093956141914,pass,H. Bennison
5674984,2025-02-25,2153496,60.0,29.0,H. Bennison,566401,1.954,0.0,0.0,pass,H. Bennison
5674984,2025-02-25,2180653,44.0,95.0,H. Lundkvist,571908,7.257,-22.0,-3.0315557392862065,pass,E. Kullberg
5674984,2025-02-25,2250864,94.0,50.0,S. Blackstenius,248583,0.282,0.0,0.0,shot,S. Blackstenius
5674984,2025-02-25,2302708,41.0,9.0,J. Zigiotti Olme,226313,4.842,6.0,1.2391573729863694,pass,M. Vinberg
5674984,2025-02-25,2305611,53.0,14.0,M. Vinberg,740964,1.939,-6.0,-3.0943785456420834,pass,M. Vinberg
5674984,2025-02-25,2410740,13.0,33.0,A. Nildén,329585,4.599,12.0,2.609262883235486,pass,M. Vinberg
5674984,2025-02-25,2411495,11.0,41.0,J. Zigiotti Olme,226313,3.844,14.0,3.6420395421436007,pass,M. Vinberg
5674984,2025-02-25,2413452,12.0,53.0,H. Lundkvist,571908,1.887,13.0,6.889242183359831,pass,M. Vinberg
5674984,2025-02-25,2564258,21.0,87.0,H. Lundkvist,571908,2.105,9.0,4.275534441805226,pass,J. Rytting Kaneryd
5674984,2025-02-25,2571165,22.0,94.0,H. Lundkvist,571908,1.872,-5.0,-2.6709401709401708,pass,H. Lundkvist
5674984,2025-02-25,2599679,76.0,49.0,S. Blackstenius,248583,9.359,-33.0,-3.526017736937707,pass,E. Kullberg
5674984,2025-02-25,2665480,58.0,77.0,H. Bennison,566401,5.252,0.0,0.0,pass,H. Bennison
5674984,2025-02-25,2668139,62.0,79.0,H. Bennison,566401,2.593,-4.0,-1.5426147319706904,pass,H. Bennison
5674984,2025-02-25,2742631,87.0,64.0,H. Bennison,566401,6.466,-59.0,-9.12465202598206,pass,M. Eriksson
5674984,2025-02-25,2744109,86.0,75.0,F. Angeldahl,212489,4.988,-58.0,-11.627906976744185,pass,M. Eriksson
5674984,2025-02-25,2759848,91.0,75.0,J. Rytting Kaneryd,248585,0.66,-63.0,-95.45454545454545,pass,E. Kullberg
5674984,2025-02-25,2764177,91.0,92.0,,0,0.363,2.0,5.5096418732782375,pass,J. Rytting Kaneryd
5674984,2025-02-25,2771845,93.0,55.0,S. Blackstenius,248583,7.818,-24.0,-3.0698388334612434,pass,M. Eriksson
5674984,2025-02-25,2771845,93.0,53.0,S. Blackstenius,248583,7.818,-24.0,-3.0698388334612434,pass,M. Eriksson
5674984,2025-02-25,2782706,73.0,59.0,H. Bennison,566401,0.944,3.0,3.1779661016949152,pass,H. Bennison
5674984,2025-02-25,2711397,57.0,75.0,F. Angeldahl,212489,0.298,0.0,0.0,pass,F. Angeldahl
5674984,2025-02-25,2817338,63.0,67.0,J. Zigiotti Olme,226313,1.462,4.0,2.735978112175103,pass,H. Bennison
5674984,2025-02-25,2834034,88.0,86.0,H. Bennison,566401,9.353,-37.0,-3.9559499625788517,pass,E. Kullberg
5674984,2025-02-25,2844573,62.0,89.0,H. Bennison,566401,1.433,-6.0,-4.18702023726448,pass,E. Kullberg
5674984,2025-02-25,2913857,73.0,98.0,J. Rytting Kaneryd,248585,6.575,2.0,0.3041825095057034,pass,H. Bennison
5674984,2025-02-25,2921494,81.0,62.0,S. Blackstenius,248583,1.184,2.0,1.6891891891891893,pass,S. Blackstenius
5674984,2025-02-25,2943490,99.0,67.0,J. Rytting Kaneryd,248585,5.978,-29.0,-4.851120776179324,pass,J. Zigiotti Olme
5674984,2025-02-25,2954196,94.0,83.0,F. Angeldahl,212489,5.514,-11.0,-1.9949220166848023,pass,F. Angeldahl
5674984,2025-02-25,3022704,29.0,18.0,M. Eriksson,52012,0.979,5.0,5.107252298263535,pass,M. Eriksson
5674984,2025-02-25,3332878,91.0,79.0,J. Rytting Kaneryd,248585,0.852,6.0,7.042253521126761,pass,J. Rytting Kaneryd
5674984,2025-02-25,3378342,33.0,94.0,H. Lundkvist,571908,1.582,9.0,5.689001264222503,pass,J. Rytting Kaneryd
5674984,2025-02-25,3390237,45.0,86.0,J. Rytting Kaneryd,248585,2.549,-4.0,-1.569242840329541,pass,J. Rytting Kaneryd
5674984,2025-02-25,3397267,41.0,73.0,H. Bennison,566401,8.123,4.0,0.4924289055767574,free_kick,
5674984,2025-02-25,3510975,12.0,15.0,M. Vinberg,740964,5.231,0.0,0.0,pass,M. Vinberg
5674984,2025-02-25,3513289,3.0,43.0,M. Eriksson,52012,2.917,9.0,3.085361672951663,pass,M. Vinberg
5674984,2025-02-25,3615657,71.0,87.0,J. Rytting Kaneryd,248585,4.902,-1.0,-0.2039983680130559,pass,J. Zigiotti Olme
5674984,2025-02-25,3673222,95.0,57.0,J. Zigiotti Olme,226313,0.302,2.0,6.622516556291391,shot,J. Zigiotti Olme
5674984,2025-02-25,3863624,83.0,63.0,K. Asllani,52644,3.214,-4.0,-1.2445550715619167,pass,H. Lundkvist
5674984,2025-02-25,3875146,90.0,40.0,S. Blackstenius,248583,4.288,-9.0,-2.0988805970149254,pass,R. Blomqvist
5674984,2025-02-25,3877807,89.0,33.0,A. Nildén,329585,1.627,-8.0,-4.917025199754149,pass,R. Blomqvist
5674984,2025-02-25,3976979,13.0,17.0,E. Kullberg,52772,2.657,-3.0,-1.1290929619872037,pass,E. Kullberg
5674984,2025-02-25,4181308,57.0,74.0,H. Lundkvist,571908,3.105,-14.0,-4.508856682769726,pass,A. Nildén
5674984,2025-02-25,4248187,75.0,47.0,F. Angeldahl,212489,1.826,-1.0,-0.547645125958379,pass,F. Angeldahl
5674984,2025-02-25,4338628,67.0,93.0,H. Lundkvist,571908,1.582,10.0,6.321112515802781,pass,F. Angeldahl
5674984,2025-02-25,4370638,86.0,70.0,K. Asllani,52644,1.028,0.0,0.0,pass,K. Asllani
5674984,2025-02-25,4594724,65.0,84.0,J. Rytting Kaneryd,248585,9.815,1.0,0.10188487009679063,pass,F. Angeldahl
5674984,2025-02-25,4596491,58.0,87.0,H. Lundkvist,571908,8.048,8.0,0.9940357852882704,pass,F. Angeldahl
5674984,2025-02-25,4863836,47.0,89.0,J. Rytting Kaneryd,248585,3.02,-5.0,-1.6556291390728477,pass,J. Rytting Kaneryd
5674984,2025-02-25,4865851,45.0,92.0,J. Rytting Kaneryd,248585,1.005,-3.0,-2.985074626865672,pass,J. Rytting Kaneryd
5674984,2025-02-25,4875385,37.0,81.0,E. Kullberg,52772,8.52,-4.0,-0.4694835680751174,pass,A. Nildén
5674984,2025-02-25,4877303,44.0,71.0,F. Angeldahl,212489,6.602,-11.0,-1.6661617691608603,pass,A. Nildén
5674984,2025-02-25,4880079,36.0,45.0,M. Eriksson,52012,3.826,-3.0,-0.7841087297438578,pass,A. Nildén
5674984,2025-02-25,4977658,43.0,46.0,F. Angeldahl,212489,6.786,8.0,1.1788977306218686,free_kick,H. Bennison
5674984,2025-02-25,5034026,66.0,14.0,J. Andersson,52072,4.347,17.0,3.9107430411778235,shot,K. Asllani
5674984,2025-02-25,5061531,89.0,24.0,K. Asllani,52644,0.443,2.0,4.514672686230249,pass,K. Asllani
5674984,2025-02-25,5068629,51.0,8.0,M. Eriksson,52012,3.292,-12.0,-3.6452004860267317,pass,E. Kullberg
5674984,2025-02-25,5085928,67.0,14.0,H. Bennison,566401,1.512,6.0,3.9682539682539684,pass,R. Blomqvist
5674984,2025-02-25,5094514,79.0,27.0,K. Asllani,52644,8.414,-17.0,-2.020442120275731,pass,H. Bennison
5674984,2025-02-25,5098891,65.0,2.0,J. Andersson,52072,4.037,-3.0,-0.7431260837255388,pass,H. Bennison
5674984,2025-02-25,5112605,66.0,83.0,S. Jakobsson,102487,1.34,2.0,1.4925373134328357,pass,S. Jakobsson
5674984,2025-02-25,5170304,64.0,96.0,H. Lundkvist,571908,7.496,-42.0,-5.602988260405549,pass,E. Kullberg
5674984,2025-02-25,5172829,58.0,91.0,H. Lundkvist,571908,4.971,-36.0,-7.24200362100181,pass,E. Kullberg
5674984,2025-02-25,5218544,11.0,15.0,J. Andersson,52072,5.96,-8.0,-1.342281879194631,pass,S. Jakobsson
5674984,2025-02-25,5222152,3.0,55.0,H. Lundkvist,571908,2.352,0.0,0.0,pass,S. Jakobsson
5674984,2025-02-25,5227245,19.0,71.0,K. Asllani,52644,3.235,-1.0,-0.3091190108191654,free_kick,K. Asllani
5674984,2025-02-25,5265510,69.0,93.0,H. Lundkvist,571908,2.65,-12.0,-4.528301886792453,pass,E. Kullberg
5674984,2025-02-25,5352568,45.0,87.0,H. Lundkvist,571908,2.165,8.0,3.695150115473441,pass,S. Jakobsson
5674984,2025-02-25,5432722,92.0,55.0,M. Eriksson,52012,1.789,4.0,2.2358859698155396,pass,S. Jakobsson
5674984,2025-02-25,5525900,91.0,79.0,S. Jakobsson,102487,1.071,7.0,6.5359477124183005,pass,S. Jakobsson
5674984,2025-02-25,5584106,94.0,51.0,,0,0.602,-1.0,-1.6611295681063123,pass,S. Jakobsson
5574544,2024-05-31,10345,43.0,51.0,M. Janogy,52663,3.254,5.0,1.5365703749231714,pass,K. Asllani
5574544,2024-05-31,15110,56.0,45.0,M. Janogy,52663,7.339,5.0,0.6812917291184085,free_kick,J. Zigiotti Olme
5574544,2024-05-31,265797,8.0,54.0,Z. Musovic,212349,3.423,9.0,2.629272567922875,pass,M. Eriksson
5574544,2024-05-31,270676,37.0,21.0,F. Rolfö,52410,1.101,-3.0,-2.7247956403269757,pass,F. Rolfö
5574544,2024-05-31,279515,43.0,12.0,M. Janogy,52663,2.747,-4.0,-1.456133964324718,pass,K. Asllani
5574544,2024-05-31,280659,34.0,25.0,J. Zigiotti Olme,226313,1.603,5.0,3.1191515907673115,pass,K. Asllani
5574544,2024-05-31,329296,63.0,12.0,F. Rolfö,52410,0.952,-8.0,-8.403361344537815,pass,F. Rolfö
5574544,2024-05-31,332410,68.0,33.0,K. Asllani,52644,3.34,-31.0,-9.281437125748504,pass,L. Sembrant
5574544,2024-05-31,370104,39.0,91.0,N. Björn,212490,2.616,1.0,0.382262996941896,pass,F. Angeldahl
5574544,2024-05-31,387829,58.0,11.0,J. Zigiotti Olme,226313,3.037,7.0,2.304906157392163,pass,J. Zigiotti Olme
5574544,2024-05-31,392500,66.0,44.0,K. Asllani,52644,2.207,-5.0,-2.2655188038060716,pass,F. Angeldahl
5574544,2024-05-31,471277,39.0,77.0,F. Angeldahl,212489,1.099,4.0,3.639672429481347,pass,K. Asllani
5574544,2024-05-31,471747,35.0,77.0,L. Sembrant,52976,0.629,8.0,12.718600953895072,pass,K. Asllani
5574544,2024-05-31,589293,18.0,3.0,F. Rolfö,52410,4.199,-8.0,-1.9052155275065492,pass,L. Sembrant
5574544,2024-05-31,635114,37.0,82.0,,0,8.959,-2.0,-0.22323920080366114,pass,J. Zigiotti Olme
5574544,2024-05-31,644686,40.0,55.0,,0,4.323,23.0,5.320379366180893,pass,F. Rolfö
5574544,2024-05-31,796387,43.0,42.0,K. Asllani,52644,0.166,1.0,6.024096385542168,pass,K. Asllani
5574544,2024-05-31,801495,34.0,50.0,F. Angeldahl,212489,6.498,-8.0,-1.2311480455524777,pass,J. Andersson
5574544,2024-05-31,801887,35.0,51.0,,0,6.106,-9.0,-1.4739600393056012,pass,J. Andersson
5574544,2024-05-31,820808,61.0,1.0,M. Janogy,52663,8.864,8.0,0.9025270758122743,pass,F. Rolfö
5574544,2024-05-31,832494,79.0,3.0,M. Janogy,52663,1.962,-4.0,-2.038735983690112,pass,M. Janogy
5574544,2024-05-31,894054,79.0,86.0,K. Asllani,52644,0.595,-1.0,-1.680672268907563,pass,K. Asllani
5574544,2024-05-31,997568,74.0,3.0,J. Zigiotti Olme,226313,5.946,21.0,3.5317860746720484,pass,M. Janogy
5574544,2024-05-31,1002471,90.0,24.0,M. Janogy,52663,1.043,5.0,4.793863854266539,pass,M. Janogy
5574544,2024-05-31,1036029,96.0,43.0,M. Eriksson,52012,2.678,-8.0,-2.9873039581777445,shot,J. Zigiotti Olme
5574544,2024-05-31,1036102,96.0,46.0,,0,2.605,-8.0,-3.071017274472169,shot,J. Zigiotti Olme
5574544,2024-05-31,1037599,91.0,41.0,F. Angeldahl,212489,1.108,-3.0,-2.707581227436823,shot,J. Zigiotti Olme
5574544,2024-05-31,1037753,89.0,42.0,,0,0.954,-1.0,-1.0482180293501049,shot,J. Zigiotti Olme
5574544,2024-05-31,1044198,88.0,25.0,,0,3.655,-32.0,-8.755129958960328,pass,J. Rytting Kaneryd
5574544,2024-05-31,1074361,39.0,76.0,F. Angeldahl,212489,3.794,6.0,1.58144438587243,pass,M. Janogy
5574544,2024-05-31,1090919,24.0,60.0,M. Eriksson,52012,1.033,0.0,0.0,pass,M. Eriksson
5574544,2024-05-31,1129230,76.0,76.0,K. Asllani,52644,2.506,-5.0,-1.9952114924181965,pass,K. Asllani
5574544,2024-05-31,1130741,73.0,80.0,,0,0.995,-2.0,-2.0100502512562812,pass,K. Asllani
5574544,2024-05-31,1309754,52.0,18.0,J. Zigiotti Olme,226313,8.667,-9.0,-1.0384215991692627,pass,N. Björn
5574544,2024-05-31,1323354,57.0,32.0,F. Rolfö,52410,2.494,-3.0,-1.2028869286287087,pass,J. Zigiotti Olme
5574544,2024-05-31,1328277,54.0,34.0,J. Zigiotti Olme,226313,2.365,5.0,2.1141649048625792,pass,J. Zigiotti Olme
5574544,2024-05-31,1366770,57.0,3.0,J. Andersson,52072,7.271,-19.0,-2.6131206161463347,pass,M. Eriksson
5574544,2024-05-31,1369163,56.0,6.0,J. Andersson,52072,4.878,-18.0,-3.6900369003690034,pass,M. Eriksson
5574544,2024-05-31,1370174,50.0,4.0,M. Eriksson,52012,3.867,-12.0,-3.1031807602792862,pass,M. Eriksson
5574544,2024-05-31,1371072,54.0,4.0,J. Zigiotti Olme,226313,2.969,-16.0,-5.3890198720107785,pass,M. Eriksson
5574544,2024-05-31,1377326,53.0,10.0,F. Rolfö,52410,1.666,-9.0,-5.402160864345738,pass,J. Andersson
5574544,2024-05-31,1411634,80.0,67.0,F. Angeldahl,212489,3.826,-10.0,-2.6136957658128592,pass,F. Angeldahl
5574544,2024-05-31,1454589,88.0,96.0,F. Angeldahl,212489,5.656,-6.0,-1.0608203677510608,pass,N. Björn
5574544,2024-05-31,1463497,95.0,87.0,J. Rytting Kaneryd,248585,5.281,-40.0,-7.574323044877865,pass,L. Sembrant
5574544,2024-05-31,1482164,84.0,75.0,K. Asllani,52644,3.9,10.0,2.5641025641025643,pass,K. Asllani
5574544,2024-05-31,1490365,65.0,67.0,J. Zigiotti Olme,226313,5.846,8.0,1.3684570646595964,pass,F. Angeldahl
5574544,2024-05-31,1524890,52.0,13.0,M. Eriksson,52012,1.112,2.0,1.7985611510791366,pass,M. Eriksson
5574544,2024-05-31,1641922,4.0,83.0,N. Björn,212490,3.615,14.0,3.8727524204702624,pass,F. Rolfö
5574544,2024-05-31,1644109,6.0,45.0,J. Andersson,52072,1.428,12.0,8.403361344537815,pass,F. Rolfö
5574544,2024-05-31,1688838,62.0,80.0,J. Rytting Kaneryd,248585,7.549,30.0,3.9740362961981717,shot,J. Rytting Kaneryd
5574544,2024-05-31,1689976,63.0,78.0,,0,6.411,29.0,4.523475276867884,shot,J. Rytting Kaneryd
5574544,2024-05-31,1694594,88.0,65.0,J. Rytting Kaneryd,248585,1.793,4.0,2.230897936419409,shot,J. Rytting Kaneryd
5574544,2024-05-31,1868506,14.0,65.0,Z. Musovic,212349,3.283,20.0,6.091989034419738,pass,J. Rytting Kaneryd
5574544,2024-05-31,1932517,54.0,25.0,J. Zigiotti Olme,226313,2.506,-9.0,-3.5913806863527538,pass,F. Rolfö
5574544,2024-05-31,1933292,53.0,24.0,J. Zigiotti Olme,226313,1.731,-8.0,-4.62160600808781,pass,F. Rolfö
5574544,2024-05-31,1955948,72.0,8.0,F. Rolfö,52410,5.897,23.0,3.900288282177378,pass,F. Rolfö
5574544,2024-05-31,1961222,92.0,16.0,F. Rolfö,52410,0.623,3.0,4.815409309791332,pass,F. Rolfö
5574544,2024-05-31,1979449,71.0,3.0,,0,1.357,-13.0,-9.579955784819456,pass,N. Björn
5574544,2024-05-31,2054254,9.0,54.0,L. Sembrant,52976,2.403,1.0,0.4161464835622139,pass,J. Andersson
5574544,2024-05-31,2063790,18.0,67.0,J. Andersson,52072,2.417,15.0,6.206040546131568,pass,J. Rytting Kaneryd
5574544,2024-05-31,2074133,58.0,84.0,J. Rytting Kaneryd,248585,6.479,-26.0,-4.012964963728971,pass,N. Björn
5574544,2024-05-31,2078141,44.0,66.0,J. Zigiotti Olme,226313,2.471,-12.0,-4.856333468231485,pass,N. Björn
5574544,2024-05-31,2195600,74.0,46.0,M. Janogy,52663,6.441,-19.0,-2.9498525073746316,pass,J. Zigiotti Olme
5574544,2024-05-31,2199410,52.0,46.0,M. Eriksson,52012,2.631,3.0,1.1402508551881414,pass,J. Zigiotti Olme
5574544,2024-05-31,2336001,42.0,72.0,K. Asllani,52644,0.83,-7.0,-8.433734939759036,pass,K. Asllani
5574544,2024-05-31,2345180,36.0,84.0,F. Angeldahl,212489,2.241,-9.0,-4.016064257028113,pass,N. Björn
5574544,2024-05-31,2345900,37.0,86.0,F. Angeldahl,212489,1.521,-10.0,-6.574621959237344,pass,N. Björn
5574544,2024-05-31,2390901,8.0,41.0,Z. Musovic,212349,3.609,4.0,1.1083402604599613,pass,Z. Musovic
5574544,2024-05-31,2463646,41.0,72.0,M. Janogy,52663,8.247,34.0,4.122711288953559,pass,M. Janogy
5574544,2024-05-31,2591430,94.0,55.0,,0,3.816,-24.0,-6.289308176100629,pass,J. Rytting Kaneryd
5574544,2024-05-31,2591433,93.0,55.0,,0,3.813,-23.0,-6.031995803829005,pass,J. Rytting Kaneryd
5574544,2024-05-31,2715524,50.0,2.0,F. Rolfö,52410,2.127,-11.0,-5.171603196991068,pass,F. Rolfö
5574544,2024-05-31,2757340,64.0,92.0,J. Rytting Kaneryd,248585,3.324,-3.0,-0.9025270758122744,pass,J. Rytting Kaneryd
5574544,2024-05-31,2775411,92.0,80.0,J. Rytting Kaneryd,248585,0.637,3.0,4.7095761381475665,pass,J. Rytting Kaneryd
5574544,2024-05-31,2778642,72.0,78.0,J. Zigiotti Olme,226313,2.49,11.0,4.417670682730924,pass,J. Zigiotti Olme
5574544,2024-05-31,2873075,67.0,51.0,J. Rytting Kaneryd,248585,3.337,4.0,1.1986814504045549,pass,J. Rytting Kaneryd
5574544,2024-05-31,2710589,74.0,24.0,,0,7.062,-35.0,-4.956103086944208,pass,F. Rolfö
5574544,2024-05-31,2736317,34.0,37.0,J. Zigiotti Olme,226313,4.436,11.0,2.479711451758341,free_kick,M. Eriksson
5574544,2024-05-31,2738368,24.0,35.0,M. Eriksson,52012,2.385,21.0,8.805031446540882,free_kick,M. Eriksson
5574544,2024-05-31,2740723,13.0,37.0,J. Andersson,52072,0.03,32.0,1066.6666666666667,free_kick,M. Eriksson
5574544,2024-05-31,2745166,11.0,59.0,H. Lundkvist,571908,1.68,1.0,0.5952380952380952,pass,J. Andersson
5574544,2024-05-31,2750495,38.0,44.0,,0,1.789,-3.0,-1.6769144773616547,pass,N. Björn
5574544,2024-05-31,2818679,43.0,17.0,J. Andersson,52072,1.605,1.0,0.6230529595015576,pass,J. Andersson
5574544,2024-05-31,2872816,12.0,6.0,F. Rolfö,52410,3.596,59.0,16.407119021134594,pass,J. Rytting Kaneryd
5574544,2024-05-31,2938256,22.0,72.0,K. Asllani,52644,6.715,4.0,0.5956813104988831,pass,F. Angeldahl
5574544,2024-05-31,3001438,62.0,85.0,F. Angeldahl,212489,4.549,22.0,4.836227742360958,pass,J. Rytting Kaneryd
5574544,2024-05-31,3016099,65.0,46.0,J. Zigiotti Olme,226313,9.697,-4.0,-0.41249871094152835,pass,J. Rytting Kaneryd
5574544,2024-05-31,3020136,62.0,70.0,F. Angeldahl,212489,5.66,-1.0,-0.17667844522968199,pass,J. Rytting Kaneryd
5574544,2024-05-31,3027061,73.0,78.0,K. Asllani,52644,1.927,-7.0,-3.6325895173845355,pass,J. Rytting Kaneryd
5574544,2024-05-31,3040294,77.0,57.0,F. Angeldahl,212489,2.694,-3.0,-1.1135857461024499,pass,J. Rytting Kaneryd
5574544,2024-05-31,3041373,77.0,62.0,,0,1.615,-3.0,-1.8575851393188854,pass,J. Rytting Kaneryd
5574544,2024-05-31,3052080,87.0,71.0,F. Angeldahl,212489,0.794,7.0,8.816120906801007,pass,F. Angeldahl
5574544,2024-05-31,3147099,46.0,28.0,J. Zigiotti Olme,226313,1.419,2.0,1.409443269908386,pass,J. Zigiotti Olme
5574544,2024-05-31,3151954,77.0,31.0,M. Janogy,52663,9.244,0.0,0.0,pass,F. Rolfö
5574544,2024-05-31,3214858,32.0,95.0,H. Lundkvist,571908,1.522,5.0,3.2851511169513796,pass,J. Rytting Kaneryd
5574544,2024-05-31,3270685,95.0,45.0,M. Eriksson,52012,2.478,-3.0,-1.2106537530266344,pass,H. Lundkvist
5574544,2024-05-31,3422849,49.0,17.0,J. Andersson,52072,3.099,-9.0,-2.904162633107454,pass,M. Eriksson
5574544,2024-05-31,3447387,27.0,80.0,F. Angeldahl,212489,7.31,10.0,1.3679890560875514,pass,J. Zigiotti Olme
5574544,2024-05-31,3597411,42.0,19.0,K. Asllani,52644,0.881,-7.0,-7.945516458569807,pass,K. Asllani
5574544,2024-05-31,3677875,14.0,92.0,M. Eriksson,52012,2.051,-9.0,-4.388103364212579,pass,M. Eriksson
5574544,2024-05-31,3820461,54.0,90.0,M. Janogy,52663,7.953,-26.0,-3.269206588708663,pass,L. Sembrant
5574544,2024-05-31,3829638,36.0,71.0,F. Angeldahl,212489,2.832,5.0,1.765536723163842,pass,F. Angeldahl
5574544,2024-05-31,3846755,38.0,81.0,H. Lundkvist,571908,7.246,8.0,1.1040574109853711,pass,J. Andersson
5574544,2024-05-31,3898511,98.0,55.0,M. Janogy,52663,6.866,-57.0,-8.301776871540927,pass,L. Sembrant
5574544,2024-05-31,4021603,69.0,86.0,F. Rolfö,52410,2.589,-10.0,-3.862495171881035,pass,L. Sembrant
5574544,2024-05-31,4030507,81.0,91.0,H. Lundkvist,571908,1.884,9.0,4.777070063694268,pass,H. Lundkvist
5574544,2024-05-31,4034362,90.0,45.0,M. Vinberg,740964,0.466,-3.0,-6.437768240343347,shot,M. Vinberg
5574544,2024-05-31,4077070,25.0,39.0,L. Sembrant,52976,5.881,-1.0,-0.17003910899506886,pass,J. Andersson
5574544,2024-05-31,4079950,23.0,20.0,J. Andersson,52072,3.001,1.0,0.33322225924691773,pass,J. Andersson
5574544,2024-05-31,4191855,53.0,32.0,F. Rolfö,52410,2.377,8.0,3.365586874211191,pass,P. Hammarlund
5574544,2024-05-31,4193787,60.0,32.0,P. Hammarlund,52990,0.445,1.0,2.247191011235955,pass,P. Hammarlund
5574544,2024-05-31,4213717,42.0,71.0,L. Sembrant,52976,9.014,32.0,3.550033281562015,pass,J. Rytting Kaneryd
5574544,2024-05-31,4216599,48.0,90.0,F. Angeldahl,212489,6.132,26.0,4.240052185257665,pass,J. Rytting Kaneryd
5574544,2024-05-31,4219251,55.0,92.0,,0,3.48,19.0,5.459770114942529,pass,J. Rytting Kaneryd
5574544,2024-05-31,4289782,95.0,17.0,P. Hammarlund,52990,5.41,-22.0,-4.066543438077634,pass,J. Zigiotti Olme
5574544,2024-05-31,4293890,84.0,13.0,J. Andersson,52072,1.302,-11.0,-8.448540706605222,pass,J. Zigiotti Olme
5574544,2024-05-31,4513956,13.0,13.0,J. Andersson,52072,6.036,7.0,1.159708416169649,pass,J. Zigiotti Olme
5574544,2024-05-31,4515550,13.0,19.0,J. Zigiotti Olme,226313,4.442,7.0,1.5758667266996849,pass,J. Zigiotti Olme
5574544,2024-05-31,4517552,12.0,18.0,J. Zigiotti Olme,226313,2.44,8.0,3.278688524590164,pass,J. Zigiotti Olme
5574544,2024-05-31,4564845,73.0,25.0,P. Hammarlund,52990,2.219,-5.0,-2.253267237494367,pass,F. Angeldahl
5574544,2024-05-31,4565156,73.0,25.0,P. Hammarlund,52990,1.908,-5.0,-2.620545073375262,pass,F. Angeldahl
5574544,2024-05-31,4633581,96.0,57.0,,0,5.606,-31.0,-5.52978951123796,pass,J. Rytting Kaneryd
5574544,2024-05-31,4675686,60.0,78.0,F. Angeldahl,212489,5.324,19.0,3.5687453042824946,pass,F. Angeldahl
5574544,2024-05-31,4701103,94.0,81.0,J. Rytting Kaneryd,248585,1.64,-1.0,-0.6097560975609756,pass,J. Rytting Kaneryd
5574544,2024-05-31,4734857,33.0,12.0,J. Andersson,52072,2.084,-4.0,-1.9193857965451055,pass,L. Sembrant
5574544,2024-05-31,4882480,24.0,37.0,M. Vinberg,740964,3.428,-6.0,-1.750291715285881,pass,F. Rolfö
5574544,2024-05-31,4885178,25.0,35.0,J. Zigiotti Olme,226313,0.73,-7.0,-9.589041095890412,pass,F. Rolfö
5574544,2024-05-31,4890923,35.0,86.0,J. Rytting Kaneryd,248585,8.584,-9.0,-1.0484622553588072,pass,M. Vinberg
5574544,2024-05-31,4893554,29.0,79.0,P. Hammarlund,52990,5.953,-3.0,-0.5039475894506971,pass,M. Vinberg
5574544,2024-05-31,4896759,27.0,40.0,M. Vinberg,740964,2.748,-1.0,-0.363901018922853,pass,M. Vinberg
5574544,2024-05-31,4973878,65.0,29.0,M. Vinberg,740964,9.419,-20.0,-2.123367661110521,pass,J. Rytting Kaneryd
5574544,2024-05-31,4977946,46.0,48.0,F. Angeldahl,212489,5.351,-1.0,-0.18688095683049896,pass,J. Rytting Kaneryd
5574544,2024-05-31,5056850,6.0,48.0,M. Eriksson,52012,9.28,20.0,2.1551724137931036,pass,F. Angeldahl
5574544,2024-05-31,5064573,32.0,80.0,M. Vinberg,740964,1.557,-6.0,-3.8535645472061657,pass,F. Angeldahl
5574544,2024-05-31,5068616,33.0,91.0,J. Rytting Kaneryd,248585,8.449,50.0,5.917860101787194,pass,J. Rytting Kaneryd
5574544,2024-05-31,5165035,41.0,54.0,F. Rolfö,52410,2.311,9.0,3.8944180008654263,pass,F. Rolfö
5574544,2024-05-31,5173060,90.0,22.0,M. Vinberg,740964,4.246,5.0,1.1775788977861517,pass,M. Vinberg
5574544,2024-05-31,5189059,78.0,18.0,M. Vinberg,740964,8.598,-42.0,-4.884856943475226,pass,M. Eriksson
5574544,2024-05-31,5218277,31.0,34.0,M. Eriksson,52012,1.602,0.0,0.0,pass,J. Zigiotti Olme
5574544,2024-05-31,5267551,56.0,22.0,M. Vinberg,740964,1.924,-8.0,-4.158004158004158,pass,M. Vinberg
5574544,2024-05-31,5512280,4.0,61.0,F. Angeldahl,212489,5.073,1.0,0.19712201852946973,pass,R. Kafaji
5574544,2024-05-31,5514867,4.0,40.0,R. Kafaji,675985,2.486,1.0,0.40225261464199513,pass,R. Kafaji
5574544,2024-05-31,5515681,5.0,32.0,H. Lundkvist,571908,1.672,0.0,0.0,pass,R. Kafaji
5574544,2024-05-31,5612861,89.0,57.0,P. Hammarlund,52990,1.363,-4.0,-2.93470286133529,shot,F. Angeldahl
5574544,2024-05-31,5613043,90.0,56.0,M. Eriksson,52012,1.181,-5.0,-4.233700254022015,shot,F. Angeldahl
5574544,2024-05-31,5635832,56.0,45.0,R. Kafaji,675985,2.804,3.0,1.0699001426533523,pass,P. Hammarlund
5574544,2024-05-31,5644164,83.0,74.0,S. Jakobsson,102487,2.057,9.0,4.375303840544483,pass,S. Jakobsson
5574544,2024-05-31,5671342,68.0,12.0,J. Andersson,52072,2.078,-21.0,-10.105871029836383,pass,L. Sembrant
5574528,2024-04-05,134360,39.0,7.0,M. Eriksson,52012,5.392,0.0,0.0,pass,J. Zigiotti Olme
5574528,2024-04-05,205295,80.0,90.0,J. Andersson,52072,3.471,-14.0,-4.033419763756842,pass,J. Andersson
5574528,2024-04-05,221899,63.0,94.0,F. Angeldahl,212489,2.343,-5.0,-2.1340162185232607,pass,F. Angeldahl
5574528,2024-04-05,563900,44.0,88.0,H. Lundkvist,571908,1.769,1.0,0.5652911249293386,pass,K. Asllani
5574528,2024-04-05,568244,35.0,94.0,H. Lundkvist,571908,2.951,8.0,2.7109454422229753,pass,H. Lundkvist
5574528,2024-04-05,606391,60.0,77.0,F. Angeldahl,212489,4.342,4.0,0.921234454168586,pass,J. Zigiotti Olme
5574528,2024-04-05,607511,67.0,68.0,F. Rolfö,52410,3.222,-3.0,-0.931098696461825,pass,J. Zigiotti Olme
5574528,2024-04-05,617083,58.0,88.0,H. Lundkvist,571908,5.373,-6.0,-1.1166945840312674,pass,J. Rytting Kaneryd
5574528,2024-04-05,620177,61.0,83.0,F. Angeldahl,212489,2.279,-9.0,-3.949100482667837,pass,J. Rytting Kaneryd
5574528,2024-04-05,713203,34.0,59.0,J. Zigiotti Olme,226313,2.313,6.0,2.5940337224383914,pass,K. Asllani
5574528,2024-04-05,714358,34.0,66.0,F. Angeldahl,212489,1.158,6.0,5.181347150259068,pass,K. Asllani
5574528,2024-04-05,744964,87.0,84.0,S. Blackstenius,248583,0.735,1.0,1.3605442176870748,pass,S. Blackstenius
5574528,2024-04-05,802001,62.0,88.0,H. Lundkvist,571908,1.889,-6.0,-3.1762837480148227,pass,J. Zigiotti Olme
5574528,2024-04-05,840336,29.0,5.0,F. Rolfö,52410,2.17,6.0,2.7649769585253456,pass,K. Asllani
5574528,2024-04-05,866465,91.0,86.0,F. Angeldahl,212489,3.698,4.0,1.0816657652785289,pass,F. Angeldahl
5574528,2024-04-05,889223,63.0,78.0,J. Zigiotti Olme,226313,2.467,13.0,5.26955816781516,pass,K. Asllani
5574528,2024-04-05,893065,77.0,95.0,J. Rytting Kaneryd,248585,2.525,-7.0,-2.7722772277227725,pass,J. Rytting Kaneryd
5574528,2024-04-05,895521,67.0,94.0,,0,0.069,3.0,43.47826086956521,pass,J. Rytting Kaneryd
5574528,2024-04-05,977319,61.0,4.0,J. Andersson,52072,1.391,-4.0,-2.8756290438533427,pass,J. Andersson
5574528,2024-04-05,1121720,34.0,82.0,F. Angeldahl,212489,0.907,-1.0,-1.1025358324145533,pass,F. Angeldahl
5574528,2024-04-05,1157155,30.0,5.0,F. Rolfö,52410,0.777,-14.0,-18.01801801801802,pass,M. Eriksson
5574528,2024-04-05,1316365,9.0,54.0,L. Sembrant,52976,1.47,5.0,3.4013605442176873,pass,J. Andersson
5574528,2024-04-05,1406181,8.0,60.0,H. Lundkvist,571908,2.39,3.0,1.2552301255230125,pass,H. Lundkvist
5574528,2024-04-05,1518750,45.0,86.0,J. Rytting Kaneryd,248585,1.471,1.0,0.6798096532970768,pass,K. Asllani
5574528,2024-04-05,1582405,35.0,94.0,H. Lundkvist,571908,1.259,-4.0,-3.1771247021445594,pass,H. Lundkvist
5574528,2024-04-05,1603324,45.0,90.0,K. Asllani,52644,1.012,-3.0,-2.9644268774703555,pass,K. Asllani
5574528,2024-04-05,1619638,41.0,65.0,J. Zigiotti Olme,226313,3.897,-9.0,-2.309468822170901,pass,L. Sembrant
5574528,2024-04-05,1622319,31.0,76.0,L. Sembrant,52976,1.216,1.0,0.8223684210526316,pass,L. Sembrant
5574528,2024-04-05,1624312,35.0,77.0,F. Angeldahl,212489,1.791,-2.0,-1.1166945840312674,pass,L. Sembrant
5574528,2024-04-05,1625383,34.0,71.0,L. Sembrant,52976,0.72,-1.0,-1.3888888888888888,pass,L. Sembrant
5574528,2024-04-05,1676787,63.0,3.0,J. Andersson,52072,3.2,2.0,0.625,pass,K. Asllani
5574528,2024-04-05,1678706,59.0,4.0,J. Andersson,52072,1.281,6.0,4.68384074941452,pass,K. Asllani
5574528,2024-04-05,1699669,57.0,31.0,F. Angeldahl,212489,6.633,-5.0,-0.7538067239559777,free_kick,K. Asllani
5574528,2024-04-05,1701884,56.0,34.0,K. Asllani,52644,4.418,-4.0,-0.9053870529651425,free_kick,K. Asllani
5574528,2024-04-05,1718195,63.0,73.0,S. Blackstenius,248583,1.502,-1.0,-0.6657789613848203,pass,S. Blackstenius
5574528,2024-04-05,1773088,18.0,49.0,M. Eriksson,52012,2.377,1.0,0.42069835927639887,pass,J. Andersson
5574528,2024-04-05,1786790,73.0,14.0,S. Blackstenius,248583,5.915,-3.0,-0.5071851225697379,pass,F. Rolfö
5574528,2024-04-05,1887703,43.0,73.0,F. Rolfö,52410,5.407,12.0,2.2193452931385242,pass,K. Asllani
5574528,2024-04-05,1888528,44.0,72.0,F. Rolfö,52410,4.582,11.0,2.400698384984723,pass,K. Asllani
5574528,2024-04-05,1891657,55.0,75.0,K. Asllani,52644,1.453,0.0,0.0,pass,K. Asllani
5574528,2024-04-05,1989979,64.0,67.0,S. Blackstenius,248583,2.597,6.0,2.3103581055063533,pass,S. Blackstenius
5574528,2024-04-05,2073825,73.0,5.0,S. Blackstenius,248583,3.86,1.0,0.2590673575129534,pass,S. Blackstenius
5574528,2024-04-05,2129938,88.0,63.0,,0,0.396,-1.0,-2.525252525252525,shot,K. Asllani
5574528,2024-04-05,2178136,91.0,48.0,L. Sembrant,52976,5.494,-19.0,-3.458318165271205,pass,J. Rytting Kaneryd
5574528,2024-04-05,2179964,94.0,37.0,J. Zigiotti Olme,226313,3.666,-22.0,-6.001091107474086,pass,J. Rytting Kaneryd
5574528,2024-04-05,2308184,41.0,9.0,F. Rolfö,52410,4.315,-4.0,-0.9269988412514484,pass,S. Blackstenius
5574528,2024-04-05,2309254,43.0,26.0,K. Asllani,52644,3.245,-6.0,-1.8489984591679507,pass,S. Blackstenius
5574528,2024-04-05,2311175,47.0,22.0,,0,1.324,-10.0,-7.552870090634441,pass,S. Blackstenius
5574528,2024-04-05,2349410,76.0,80.0,S. Blackstenius,248583,0.929,-2.0,-2.1528525296017222,pass,S. Blackstenius
5574528,2024-04-05,2363679,92.0,86.0,J. Rytting Kaneryd,248585,1.132,4.0,3.53356890459364,pass,J. Rytting Kaneryd
5574528,2024-04-05,2372241,81.0,4.0,F. Rolfö,52410,3.242,-2.0,-0.6169031462060457,pass,F. Rolfö
5574528,2024-04-05,2380822,88.0,57.0,K. Asllani,52644,6.069,-7.0,-1.1534025374855825,pass,F. Angeldahl
5574528,2024-04-05,2381748,89.0,58.0,K. Asllani,52644,5.143,-8.0,-1.5555123468792533,pass,F. Angeldahl
5574528,2024-04-05,2384020,87.0,67.0,,0,2.871,-6.0,-2.089864158829676,pass,F. Angeldahl
5574528,2024-04-05,2384839,83.0,59.0,F. Angeldahl,212489,2.052,-2.0,-0.9746588693957114,pass,F. Angeldahl
5574528,2024-04-05,2419615,53.0,47.0,J. Zigiotti Olme,226313,1.124,0.0,0.0,pass,J. Zigiotti Olme
5574528,2024-04-05,2464050,25.0,52.0,F. Rolfö,52410,1.609,3.0,1.8645121193287757,pass,F. Angeldahl
5574528,2024-04-05,2576728,9.0,26.0,J. Andersson,52072,0.887,4.0,4.509582863585118,pass,J. Zigiotti Olme
5574528,2024-04-05,2579481,15.0,20.0,,0,1.526,-3.0,-1.9659239842726082,pass,F. Rolfö
5574528,2024-04-05,2648544,38.0,20.0,S. Blackstenius,248583,0.86,1.0,1.1627906976744187,pass,S. Blackstenius
5574528,2024-04-05,2760884,36.0,94.0,F. Angeldahl,212489,2.22,32.0,14.414414414414413,pass,F. Angeldahl
5574528,2024-04-05,2800063,37.0,21.0,J. Zigiotti Olme,226313,3.697,-5.0,-1.352447930754666,pass,L. Sembrant
5574528,2024-04-05,2801269,35.0,12.0,F. Rolfö,52410,2.491,-3.0,-1.204335608189482,pass,L. Sembrant
5574528,2024-04-05,2818139,23.0,9.0,K. Asllani,52644,2.268,4.0,1.7636684303350971,pass,L. Sembrant
5574528,2024-04-05,2839008,3.0,25.0,J. Zigiotti Olme,226313,0.606,59.0,97.35973597359737,pass,F. Rolfö
5574528,2024-04-05,2841372,4.0,9.0,J. Andersson,52072,2.821,70.0,24.813895781637715,pass,F. Angeldahl
5574528,2024-04-05,2848571,17.0,9.0,J. Rytting Kaneryd,248585,2.078,50.0,24.061597690086625,pass,J. Zigiotti Olme
5574528,2024-04-05,2850079,21.0,3.0,,0,0.57,46.0,80.70175438596492,pass,J. Zigiotti Olme
5574528,2024-04-05,2720687,71.0,96.0,J. Rytting Kaneryd,248585,2.56,-8.0,-3.125,pass,H. Lundkvist
5574528,2024-04-05,2726325,75.0,85.0,K. Asllani,52644,5.052,-5.0,-0.9897070467141726,pass,F. Angeldahl
5574528,2024-04-05,2729908,66.0,84.0,F. Angeldahl,212489,1.469,4.0,2.7229407760381212,pass,F. Angeldahl
5574528,2024-04-05,2754574,67.0,95.0,H. Lundkvist,571908,8.53,1.0,0.1172332942555686,pass,F. Angeldahl
5574528,2024-04-05,2765282,90.0,61.0,S. Blackstenius,248583,9.869,-28.0,-2.8371668862093427,pass,J. Andersson
5574528,2024-04-05,2772309,68.0,7.0,J. Andersson,52072,2.842,-6.0,-2.1111893033075297,pass,J. Andersson
5574528,2024-04-05,2807154,42.0,79.0,,0,2.057,-7.0,-3.403014098201264,pass,J. Zigiotti Olme
5574528,2024-04-05,2923799,91.0,69.0,J. Rytting Kaneryd,248585,7.211,-10.0,-1.3867702121758425,pass,H. Lundkvist
5574528,2024-04-05,2932605,90.0,54.0,S. Blackstenius,248583,1.47,-1.0,-0.6802721088435374,pass,S. Blackstenius
5574528,2024-04-05,2987607,33.0,32.0,J. Andersson,52072,7.805,15.0,1.9218449711723256,pass,F. Rolfö
5574528,2024-04-05,2988906,37.0,25.0,,0,6.506,11.0,1.6907470027666769,pass,F. Rolfö
5574528,2024-04-05,2989986,34.0,38.0,J. Zigiotti Olme,226313,5.426,14.0,2.5801695539992626,pass,F. Rolfö
5574528,2024-04-05,3006347,59.0,88.0,S. Blackstenius,248583,0.938,-2.0,-2.1321961620469083,pass,S. Blackstenius
5574528,2024-04-05,3120732,69.0,94.0,J. Rytting Kaneryd,248585,7.244,2.0,0.27609055770292656,pass,H. Lundkvist
5574528,2024-04-05,3125820,63.0,97.0,H. Lundkvist,571908,2.156,8.0,3.7105751391465676,pass,H. Lundkvist
5574528,2024-04-05,3175559,94.0,52.0,M. Eriksson,52012,3.888,-24.0,-6.172839506172839,shot,J. Rytting Kaneryd
5574528,2024-04-05,3227203,58.0,83.0,K. Asllani,52644,0.869,6.0,6.904487917146145,pass,J. Rytting Kaneryd
5574528,2024-04-05,3244436,80.0,69.0,F. Angeldahl,212489,0.633,-2.0,-3.1595576619273302,pass,F. Angeldahl
5574528,2024-04-05,3248157,79.0,45.0,K. Asllani,52644,1.914,-20.0,-10.449320794148381,pass,M. Eriksson
5574528,2024-04-05,3270417,27.0,35.0,J. Andersson,52072,1.216,-1.0,-0.8223684210526316,pass,M. Eriksson
5574528,2024-04-05,3473293,10.0,44.0,L. Sembrant,52976,8.42,4.0,0.4750593824228029,pass,J. Falk
5574528,2024-04-05,3473320,10.0,41.0,F. Angeldahl,212489,8.393,4.0,0.4765876325509353,pass,J. Falk
5574528,2024-04-05,3572951,97.0,52.0,,0,1.615,-8.0,-4.953560371517028,shot,F. Angeldahl
5574528,2024-04-05,3572979,97.0,53.0,,0,1.587,-8.0,-5.040957781978576,shot,F. Angeldahl
5574528,2024-04-05,3573303,97.0,53.0,S. Blackstenius,248583,1.263,-8.0,-6.334125098970705,shot,F. Angeldahl
5574528,2024-04-05,3574229,97.0,53.0,S. Blackstenius,248583,0.337,-8.0,-23.73887240356083,shot,F. Angeldahl
5574528,2024-04-05,3577855,73.0,46.0,K. Asllani,52644,5.602,-32.0,-5.712245626561942,pass,J. Rytting Kaneryd
5574528,2024-04-05,3747510,26.0,38.0,M. Eriksson,52012,5.285,-6.0,-1.1352885525070955,pass,J. Zigiotti Olme
5574528,2024-04-05,3749130,21.0,24.0,J. Zigiotti Olme,226313,3.665,-1.0,-0.2728512960436562,pass,J. Zigiotti Olme
5574528,2024-04-05,3751620,24.0,10.0,F. Rolfö,52410,1.175,-4.0,-3.404255319148936,pass,J. Zigiotti Olme
5574528,2024-04-05,3820495,92.0,73.0,S. Blackstenius,248583,1.295,0.0,0.0,pass,S. Blackstenius
5574528,2024-04-05,3822664,89.0,74.0,R. Kafaji,675985,0.834,5.0,5.995203836930456,pass,R. Kafaji
5574528,2024-04-05,3999320,43.0,86.0,F. Rolfö,52410,2.014,-1.0,-0.496524329692155,pass,F. Angeldahl
5574528,2024-04-05,4000285,43.0,83.0,F. Rolfö,52410,1.049,-1.0,-0.9532888465204957,pass,F. Angeldahl
5574528,2024-04-05,4073642,29.0,8.0,F. Rolfö,52410,1.903,-5.0,-2.627430373095113,pass,F. Angeldahl
5574528,2024-04-05,4123865,36.0,10.0,M. Eriksson,52012,0.845,0.0,0.0,pass,M. Eriksson
5574528,2024-04-05,4124020,43.0,12.0,,0,0.69,-7.0,-10.144927536231885,pass,M. Eriksson
5574528,2024-04-05,4158593,65.0,11.0,S. Blackstenius,248583,3.408,-8.0,-2.347417840375587,pass,S. Blackstenius
5574528,2024-04-05,4160691,66.0,13.0,S. Blackstenius,248583,1.31,-9.0,-6.870229007633587,pass,S. Blackstenius
5574528,2024-04-05,4163350,55.0,22.0,F. Rolfö,52410,1.019,5.0,4.906771344455349,pass,F. Rolfö
5574528,2024-04-05,4288622,58.0,75.0,F. Angeldahl,212489,7.052,26.0,3.68689733408962,pass,F. Angeldahl
5574528,2024-04-05,4445044,46.0,32.0,J. Rytting Kaneryd,248585,1.118,-5.0,-4.472271914132379,pass,J. Rytting Kaneryd
5574528,2024-04-05,4516442,28.0,50.0,J. Rytting Kaneryd,248585,1.47,10.0,6.802721088435375,pass,J. Rytting Kaneryd
5574528,2024-04-05,4527595,88.0,38.0,S. Blackstenius,248583,6.029,-13.0,-2.1562448167191905,pass,S. Blackstenius
5574528,2024-04-05,4529968,87.0,33.0,,0,3.656,-12.0,-3.282275711159737,pass,S. Blackstenius
5574528,2024-04-05,4532184,78.0,26.0,S. Blackstenius,248583,1.44,-3.0,-2.0833333333333335,pass,S. Blackstenius
5574528,2024-04-05,4569322,47.0,47.0,R. Kafaji,675985,3.651,-13.0,-3.5606683100520407,pass,M. Eriksson
5574528,2024-04-05,4569965,52.0,32.0,,0,3.008,-18.0,-5.98404255319149,pass,M. Eriksson
5574528,2024-04-05,4570742,55.0,38.0,R. Kafaji,675985,2.231,-21.0,-9.412819363514119,pass,M. Eriksson
5574528,2024-04-05,4592509,42.0,92.0,H. Lundkvist,571908,4.516,-3.0,-0.6643046944198405,pass,H. Lundkvist
5574528,2024-04-05,4594695,42.0,93.0,H. Lundkvist,571908,2.33,-3.0,-1.2875536480686696,pass,H. Lundkvist
5574528,2024-04-05,4595850,46.0,90.0,H. Lundkvist,571908,1.175,-7.0,-5.957446808510638,pass,H. Lundkvist
5574528,2024-04-05,4648832,50.0,18.0,A. Nildén,329585,1.275,-2.0,-1.5686274509803924,pass,A. Nildén
5574528,2024-04-05,4654111,70.0,37.0,S. Blackstenius,248583,2.515,-5.0,-1.9880715705765406,pass,R. Kafaji
5574528,2024-04-05,4660612,75.0,52.0,R. Kafaji,675985,2.308,3.0,1.2998266897746968,pass,R. Kafaji
5574528,2024-04-05,4731770,15.0,36.0,J. Rytting Kaneryd,248585,8.269,51.0,6.167613979925021,pass,J. Rytting Kaneryd
5574528,2024-04-05,4738325,45.0,8.0,J. Rytting Kaneryd,248585,1.714,21.0,12.252042007001167,pass,J. Rytting Kaneryd
5574528,2024-04-05,4767117,31.0,12.0,A. Nildén,329585,2.39,-15.0,-6.2761506276150625,pass,M. Eriksson
5574528,2024-04-05,4805578,34.0,46.0,J. Zigiotti Olme,226313,5.902,1.0,0.16943409013893596,pass,J. Rytting Kaneryd
5574528,2024-04-05,4865701,61.0,62.0,H. Lundkvist,571908,2.878,10.0,3.4746351633078527,pass,E. Rubensson
5574528,2024-04-05,4874647,56.0,93.0,H. Lundkvist,571908,1.281,2.0,1.5612802498048401,pass,H. Lundkvist
5574528,2024-04-05,4911143,63.0,47.0,R. Kafaji,675985,7.9,-33.0,-4.177215189873418,pass,M. Eriksson
5574528,2024-04-05,4913016,56.0,36.0,J. Zigiotti Olme,226313,6.027,-26.0,-4.31392069022731,pass,M. Eriksson
5574528,2024-04-05,4915426,41.0,40.0,E. Rubensson,52115,3.617,-11.0,-3.0411943599668234,pass,M. Eriksson
5574528,2024-04-05,4916937,37.0,30.0,A. Nildén,329585,2.106,-7.0,-3.323836657169991,pass,M. Eriksson
5574528,2024-04-05,4998301,44.0,87.0,F. Rolfö,52410,2.099,-8.0,-3.811338732729871,pass,H. Lundkvist
5574528,2024-04-05,4999133,44.0,85.0,F. Rolfö,52410,1.267,-8.0,-6.3141278610891876,pass,H. Lundkvist
5574528,2024-04-05,5112429,6.0,56.0,L. Sembrant,52976,4.371,21.0,4.804392587508579,pass,R. Kafaji
5574528,2024-04-05,5114849,24.0,67.0,R. Kafaji,675985,1.951,3.0,1.5376729882111737,pass,R. Kafaji
5574528,2024-04-05,5121743,37.0,80.0,S. Blackstenius,248583,3.315,5.0,1.5082956259426847,pass,S. Blackstenius
5574528,2024-04-05,5157997,60.0,93.0,J. Rytting Kaneryd,248585,3.121,-1.0,-0.32041012495994875,pass,R. Kafaji
5574528,2024-04-05,5160226,60.0,83.0,R. Kafaji,675985,0.892,-1.0,-1.1210762331838564,pass,R. Kafaji
5574528,2024-04-05,5233094,28.0,47.0,E. Rubensson,52115,1.234,-7.0,-5.672609400324149,pass,M. Eriksson
5574528,2024-04-05,5345954,12.0,10.0,A. Nildén,329585,6.005,31.0,5.162364696086595,pass,A. Nildén
5574528,2024-04-05,5453108,47.0,70.0,M. Janogy,52663,5.009,-16.0,-3.194250349371132,pass,A. Nildén
5574528,2024-04-05,5531587,45.0,50.0,A. Nildén,329585,0.765,3.0,3.9215686274509802,pass,A. Nildén
5674976,2025-02-21,18665,66.0,22.0,S. Blackstenius,248583,1.104,0.0,0.0,pass,S. Blackstenius
5674976,2025-02-21,34104,67.0,12.0,F. Rolfö,52410,5.312,-24.0,-4.518072289156626,pass,J. Zigiotti Olme
5674976,2025-02-21,35452,64.0,14.0,F. Rolfö,52410,3.964,-21.0,-5.297679112008073,pass,J. Zigiotti Olme
5674976,2025-02-21,36893,63.0,6.0,F. Rolfö,52410,2.523,-20.0,-7.927070947284978,pass,J. Zigiotti Olme
5674976,2025-02-21,38330,52.0,4.0,M. Eriksson,52012,1.086,-9.0,-8.287292817679557,pass,J. Zigiotti Olme
5674976,2025-02-21,48373,53.0,9.0,,0,4.527,-16.0,-3.534349458802739,pass,L. Sembrant
5674976,2025-02-21,49828,57.0,10.0,J. Andersson,52072,3.072,-20.0,-6.510416666666667,pass,L. Sembrant
5674976,2025-02-21,107362,5.0,43.0,F. Rolfö,52410,8.405,-2.0,-0.2379535990481856,pass,J. Andersson
5674976,2025-02-21,110793,3.0,24.0,F. Angeldahl,212489,4.974,0.0,0.0,pass,J. Andersson
5674976,2025-02-21,113035,11.0,35.0,J. Andersson,52072,2.732,-8.0,-2.928257686676427,pass,J. Andersson
5674976,2025-02-21,114758,2.0,31.0,L. Sembrant,52976,1.009,1.0,0.9910802775024778,pass,J. Andersson
5674976,2025-02-21,159990,59.0,78.0,S. Blackstenius,248583,0.785,-1.0,-1.2738853503184713,pass,S. Blackstenius
5674976,2025-02-21,351545,79.0,43.0,J. Andersson,52072,1.772,-11.0,-6.207674943566591,pass,H. Lundkvist
5674976,2025-02-21,418053,36.0,71.0,H. Bennison,566401,0.835,-15.0,-17.964071856287426,pass,L. Sembrant
5674976,2025-02-21,428647,34.0,13.0,J. Andersson,52072,4.484,1.0,0.22301516503122212,pass,J. Andersson
5674976,2025-02-21,442583,89.0,37.0,F. Angeldahl,212489,0.903,-2.0,-2.2148394241417497,shot,F. Angeldahl
5674976,2025-02-21,467727,63.0,22.0,J. Zigiotti Olme,226313,5.038,28.0,5.5577610162763,pass,F. Rolfö
5674976,2025-02-21,489675,53.0,8.0,M. Eriksson,52012,1.189,14.0,11.774600504625734,pass,J. Andersson
5674976,2025-02-21,506530,42.0,5.0,J. Andersson,52072,9.848,-19.0,-1.9293257514216082,pass,L. Sembrant
5674976,2025-02-21,514547,21.0,30.0,J. Zigiotti Olme,226313,1.831,2.0,1.0922992900054616,pass,L. Sembrant
5674976,2025-02-21,551527,80.0,46.0,F. Rolfö,52410,1.325,1.0,0.7547169811320755,shot,F. Rolfö
5674976,2025-02-21,604702,62.0,95.0,J. Rytting Kaneryd,248585,0.585,12.0,20.512820512820515,pass,F. Angeldahl
5674976,2025-02-21,608390,64.0,80.0,H. Bennison,566401,3.51,-4.0,-1.1396011396011396,pass,H. Bennison
5674976,2025-02-21,678442,47.0,14.0,F. Rolfö,52410,3.501,8.0,2.2850614110254215,pass,F. Angeldahl
5674976,2025-02-21,687518,87.0,68.0,J. Rytting Kaneryd,248585,0.757,0.0,0.0,shot,J. Rytting Kaneryd
5674976,2025-02-21,689822,92.0,48.0,S. Blackstenius,248583,1.405,-11.0,-7.829181494661921,pass,H. Bennison
5674976,2025-02-21,803562,9.0,48.0,J. Falk,212517,4.377,21.0,4.797806716929404,pass,M. Eriksson
5674976,2025-02-21,877777,10.0,61.0,J. Zigiotti Olme,226313,2.105,0.0,0.0,pass,H. Lundkvist
5674976,2025-02-21,904383,12.0,33.0,F. Angeldahl,212489,5.747,-7.0,-1.218026796589525,pass,L. Sembrant
5674976,2025-02-21,906990,8.0,25.0,J. Andersson,52072,3.14,-3.0,-0.9554140127388535,pass,L. Sembrant
5674976,2025-02-21,908992,6.0,57.0,H. Lundkvist,571908,1.138,-1.0,-0.8787346221441126,pass,L. Sembrant
5674976,2025-02-21,1037019,58.0,21.0,F. Rolfö,52410,2.815,-6.0,-2.1314387211367674,pass,F. Rolfö
5674976,2025-02-21,1068558,54.0,84.0,H. Lundkvist,571908,2.099,20.0,9.528346831824678,pass,F. Angeldahl
5674976,2025-02-21,1087788,89.0,98.0,H. Lundkvist,571908,1.301,1.0,0.7686395080707149,pass,H. Lundkvist
5674976,2025-02-21,1103549,81.0,68.0,J. Rytting Kaneryd,248585,9.102,-17.0,-1.8677213799165018,pass,H. Bennison
5674976,2025-02-21,1105903,94.0,72.0,F. Angeldahl,212489,6.748,-30.0,-4.445761707172496,pass,H. Bennison
5674976,2025-02-21,1108987,89.0,89.0,,0,3.664,-25.0,-6.823144104803493,pass,H. Bennison
5674976,2025-02-21,1157298,68.0,21.0,S. Blackstenius,248583,1.398,1.0,0.715307582260372,pass,S. Blackstenius
5674976,2025-02-21,1168691,73.0,6.0,F. Rolfö,52410,7.176,-30.0,-4.1806020066889635,pass,M. Eriksson
5674976,2025-02-21,1169370,68.0,2.0,F. Rolfö,52410,6.497,-25.0,-3.847929813760197,pass,M. Eriksson
5674976,2025-02-21,1235942,75.0,9.0,F. Rolfö,52410,2.299,14.0,6.089604175728578,pass,F. Rolfö
5674976,2025-02-21,1333749,59.0,81.0,L. Sembrant,52976,3.304,-15.0,-4.539951573849879,pass,M. Eriksson
5674976,2025-02-21,1373242,81.0,28.0,F. Angeldahl,212489,2.635,-3.0,-1.1385199240986719,pass,F. Angeldahl
5674976,2025-02-21,1378449,94.0,13.0,F. Rolfö,52410,1.074,5.0,4.655493482309124,pass,F. Rolfö
5674976,2025-02-21,1394825,83.0,86.0,H. Bennison,566401,2.729,-10.0,-3.6643459142543056,pass,J. Rytting Kaneryd
5674976,2025-02-21,1400238,68.0,67.0,F. Angeldahl,212489,0.939,-1.0,-1.0649627263045793,pass,F. Angeldahl
5674976,2025-02-21,1407402,87.0,48.0,F. Angeldahl,212489,1.372,3.0,2.1865889212827985,pass,S. Blackstenius
5674976,2025-02-21,1429194,89.0,32.0,S. Blackstenius,248583,5.443,-21.0,-3.8581664523240864,pass,J. Zigiotti Olme
5674976,2025-02-21,1442419,36.0,61.0,L. Sembrant,52976,4.681,11.0,2.3499252296517836,pass,M. Eriksson
5674976,2025-02-21,1443962,30.0,44.0,M. Eriksson,52012,3.138,17.0,5.417463352453792,pass,M. Eriksson
5674976,2025-02-21,1461737,65.0,94.0,,0,6.21,-11.0,-1.7713365539452497,pass,H. Lundkvist
5674976,2025-02-21,1467789,59.0,82.0,,0,0.158,-5.0,-31.645569620253163,pass,H. Lundkvist
5674976,2025-02-21,1652604,22.0,39.0,M. Eriksson,52012,2.029,-1.0,-0.49285362247412523,pass,H. Lundkvist
5674976,2025-02-21,1736917,38.0,86.0,H. Bennison,566401,4.076,-19.0,-4.661432777232581,pass,L. Sembrant
5674976,2025-02-21,1778727,77.0,82.0,H. Bennison,566401,4.623,19.0,4.109885355829547,pass,H. Bennison
5674976,2025-02-21,1788096,73.0,82.0,H. Lundkvist,571908,4.285,-6.0,-1.4002333722287048,pass,J. Zigiotti Olme
5674976,2025-02-21,1799482,86.0,37.0,F. Rolfö,52410,1.09,1.0,0.9174311926605504,shot,F. Rolfö
5674976,2025-02-21,1805938,72.0,41.0,F. Angeldahl,212489,4.408,1.0,0.22686025408348456,pass,F. Angeldahl
5674976,2025-02-21,1862081,66.0,77.0,,0,8.933,-5.0,-0.5597223777006605,pass,J. Zigiotti Olme
5674976,2025-02-21,2000693,57.0,79.0,H. Bennison,566401,9.799,-19.0,-1.938973364629044,pass,L. Sembrant
5674976,2025-02-21,2002211,55.0,67.0,J. Zigiotti Olme,226313,8.281,-17.0,-2.0528921627822725,pass,L. Sembrant
5674976,2025-02-21,2094055,59.0,51.0,J. Zigiotti Olme,226313,1.634,9.0,5.507955936352509,pass,J. Zigiotti Olme
5674976,2025-02-21,2105614,98.0,24.0,F. Rolfö,52410,0.875,-5.0,-5.714285714285714,pass,F. Rolfö
5674976,2025-02-21,2164711,39.0,16.0,J. Zigiotti Olme,226313,4.573,-6.0,-1.3120489831620379,pass,H. Bennison
5674976,2025-02-21,2166537,44.0,33.0,H. Bennison,566401,2.747,-11.0,-4.004368401892974,pass,H. Bennison
5674976,2025-02-21,2171702,46.0,9.0,F. Rolfö,52410,0.948,-5.0,-5.274261603375527,pass,F. Rolfö
5674976,2025-02-21,2208178,61.0,30.0,J. Zigiotti Olme,226313,1.311,3.0,2.288329519450801,pass,H. Bennison
5674976,2025-02-21,2254521,57.0,20.0,J. Andersson,52072,8.003,-4.0,-0.4998125702861427,pass,H. Bennison
5674976,2025-02-21,2258115,72.0,35.0,,0,4.409,-19.0,-4.309367203447494,pass,H. Bennison
5674976,2025-02-21,2259687,70.0,37.0,S. Blackstenius,248583,2.837,-17.0,-5.9922453295734925,pass,H. Bennison
5674976,2025-02-21,2287632,63.0,35.0,J. Zigiotti Olme,226313,1.701,0.0,0.0,pass,J. Zigiotti Olme
5674976,2025-02-21,2315157,62.0,21.0,J. Zigiotti Olme,226313,3.75,-8.0,-2.1333333333333333,pass,H. Bennison
5674976,2025-02-21,2317451,72.0,24.0,F. Rolfö,52410,1.456,-18.0,-12.362637362637363,pass,H. Bennison
5674976,2025-02-21,2324992,79.0,19.0,S. Blackstenius,248583,5.822,-17.0,-2.919958777052559,pass,F. Rolfö
5674976,2025-02-21,2339031,72.0,96.0,,0,5.795,1.0,0.1725625539257981,pass,J. Rytting Kaneryd
5674976,2025-02-21,2364833,90.0,75.0,J. Rytting Kaneryd,248585,0.924,7.0,7.575757575757575,pass,J. Rytting Kaneryd
5674976,2025-02-21,2370235,86.0,75.0,F. Angeldahl,212489,3.906,-1.0,-0.2560163850486431,pass,H. Bennison
5674976,2025-02-21,2373047,80.0,80.0,H. Bennison,566401,1.094,5.0,4.570383912248628,pass,H. Bennison
5674976,2025-02-21,2416758,98.0,57.0,J. Zigiotti Olme,226313,1.626,-12.0,-7.380073800738008,pass,H. Bennison
5674976,2025-02-21,2424917,94.0,51.0,M. Eriksson,52012,3.701,-20.0,-5.403944879762227,pass,J. Zigiotti Olme
5674976,2025-02-21,2461183,82.0,35.0,S. Blackstenius,248583,0.972,-1.0,-1.02880658436214,pass,S. Blackstenius
5674976,2025-02-21,2612468,58.0,92.0,H. Lundkvist,571908,9.124,15.0,1.6440157825515125,pass,F. Angeldahl
5674976,2025-02-21,2613218,55.0,92.0,H. Lundkvist,571908,8.374,18.0,2.149510389300215,pass,F. Angeldahl
5674976,2025-02-21,2614723,61.0,97.0,H. Lundkvist,571908,6.869,12.0,1.7469791818314166,pass,F. Angeldahl
5674976,2025-02-21,2627703,82.0,81.0,F. Angeldahl,212489,1.142,-4.0,-3.502626970227671,pass,F. Angeldahl
5674976,2025-02-21,2629555,90.0,59.0,,0,3.921,-8.0,-2.04029584289722,pass,F. Angeldahl
5674976,2025-02-21,2631831,68.0,65.0,J. Zigiotti Olme,226313,1.645,14.0,8.51063829787234,pass,F. Angeldahl
5674976,2025-02-21,2638152,93.0,73.0,J. Rytting Kaneryd,248585,1.847,-4.0,-2.165674066053059,pass,J. Rytting Kaneryd
5674976,2025-02-21,2647122,89.0,64.0,F. Angeldahl,212489,3.999,-10.0,-2.5006251562890722,pass,F. Angeldahl
5674976,2025-02-21,2723745,34.0,23.0,J. Zigiotti Olme,226313,3.237,-1.0,-0.3089280197713933,pass,L. Sembrant
5674976,2025-02-21,2732108,26.0,17.0,M. Eriksson,52012,1.968,34.0,17.276422764227643,free_kick,J. Zigiotti Olme
5674976,2025-02-21,2789112,12.0,66.0,L. Sembrant,52976,4.747,17.0,3.5812091847482623,pass,F. Rolfö
5674976,2025-02-21,2708752,42.0,49.0,H. Bennison,566401,3.443,-2.0,-0.5808887598024978,pass,J. Rytting Kaneryd
5674976,2025-02-21,2728892,61.0,72.0,H. Bennison,566401,5.184,-1.0,-0.19290123456790123,free_kick,J. Zigiotti Olme
5674976,2025-02-21,2785991,12.0,42.0,J. Zigiotti Olme,226313,2.2,11.0,5.0,pass,J. Zigiotti Olme
5674976,2025-02-21,2838876,45.0,63.0,F. Angeldahl,212489,1.172,-3.0,-2.559726962457338,pass,F. Angeldahl
5674976,2025-02-21,2925508,79.0,4.0,J. Andersson,52072,7.004,6.0,0.8566533409480298,pass,F. Rolfö
5674976,2025-02-21,2966620,62.0,73.0,,0,6.521,-2.0,-0.30670142616163165,pass,F. Rolfö
5674976,2025-02-21,2974904,78.0,84.0,,0,1.515,0.0,0.0,pass,J. Rytting Kaneryd
5674976,2025-02-21,2997668,73.0,70.0,,0,4.12,-21.0,-5.097087378640777,pass,M. Eriksson
5674976,2025-02-21,3008916,66.0,69.0,J. Zigiotti Olme,226313,1.092,5.0,4.5787545787545785,pass,J. Zigiotti Olme
5674976,2025-02-21,3009554,71.0,64.0,,0,0.454,0.0,0.0,pass,J. Zigiotti Olme
5674976,2025-02-21,3056484,44.0,14.0,F. Rolfö,52410,6.376,22.0,3.450439146800502,pass,F. Rolfö
5674976,2025-02-21,3174937,39.0,84.0,F. Angeldahl,212489,4.328,-21.0,-4.852125693160813,pass,M. Eriksson
5674976,2025-02-21,3201232,77.0,23.0,S. Blackstenius,248583,0.842,2.0,2.375296912114014,pass,S. Blackstenius
5674976,2025-02-21,3306683,44.0,90.0,L. Sembrant,52976,2.437,-6.0,-2.4620434961017645,pass,H. Lundkvist
5674976,2025-02-21,3312841,62.0,30.0,F. Rolfö,52410,4.171,2.0,0.4795013186286262,pass,H. Lundkvist
5674976,2025-02-21,3314267,62.0,51.0,F. Rolfö,52410,2.745,2.0,0.7285974499089253,pass,H. Lundkvist
5674976,2025-02-21,3349746,92.0,66.0,F. Angeldahl,212489,4.391,-20.0,-4.554771122751082,pass,H. Bennison
5674976,2025-02-21,3398220,88.0,81.0,F. Angeldahl,212489,9.496,9.0,0.9477674810446504,pass,J. Rytting Kaneryd
5674976,2025-02-21,3402679,78.0,92.0,H. Lundkvist,571908,5.037,19.0,3.772086559459996,pass,J. Rytting Kaneryd
5674976,2025-02-21,3404323,85.0,93.0,J. Rytting Kaneryd,248585,3.393,12.0,3.5366931918656057,pass,J. Rytting Kaneryd
5674976,2025-02-21,3467908,79.0,91.0,,0,3.766,-5.0,-1.327668613913967,pass,J. Rytting Kaneryd
5674976,2025-02-21,3469694,72.0,84.0,J. Rytting Kaneryd,248585,1.98,2.0,1.0101010101010102,pass,J. Rytting Kaneryd
5674976,2025-02-21,3473577,77.0,68.0,F. Rolfö,52410,2.297,2.0,0.8707009142359599,shot,F. Rolfö
5674976,2025-02-21,3534508,81.0,88.0,J. Rytting Kaneryd,248585,7.651,-1.0,-0.13070186903672723,pass,J. Rytting Kaneryd
5674976,2025-02-21,3535631,80.0,90.0,,0,6.528,0.0,0.0,pass,J. Rytting Kaneryd
5674976,2025-02-21,3550279,65.0,52.0,J. Zigiotti Olme,226313,7.773,10.0,1.2865045670912132,pass,J. Rytting Kaneryd
5674976,2025-02-21,3559927,86.0,67.0,F. Angeldahl,212489,4.395,-6.0,-1.3651877133105803,shot,H. Bennison
5674976,2025-02-21,3562012,83.0,70.0,F. Angeldahl,212489,2.31,-3.0,-1.2987012987012987,shot,H. Bennison
5674976,2025-02-21,3563214,81.0,66.0,H. Bennison,566401,1.108,-1.0,-0.9025270758122743,shot,H. Bennison
5674976,2025-02-21,3630370,25.0,22.0,M. Eriksson,52012,4.435,14.0,3.156708004509583,pass,F. Rolfö
5674976,2025-02-21,3792322,34.0,51.0,H. Bennison,566401,1.103,-5.0,-4.533091568449683,pass,J. Zigiotti Olme
5674976,2025-02-21,3792338,33.0,39.0,,0,1.087,-4.0,-3.6798528058877644,pass,J. Zigiotti Olme
5674976,2025-02-21,3793378,30.0,29.0,,0,0.047,-1.0,-21.27659574468085,pass,J. Zigiotti Olme
5674976,2025-02-21,3808939,44.0,91.0,,0,5.365,-18.0,-3.3550792171481825,pass,L. Sembrant
5674976,2025-02-21,3922657,82.0,49.0,,0,9.836,-29.0,-2.9483529890199267,pass,L. Sembrant
5674976,2025-02-21,3927271,54.0,46.0,,0,5.222,-1.0,-0.19149751053236305,pass,L. Sembrant
5674976,2025-02-21,3927435,52.0,48.0,L. Sembrant,52976,5.058,1.0,0.1977066034005536,pass,L. Sembrant
5674976,2025-02-21,3930781,56.0,46.0,,0,1.712,-3.0,-1.752336448598131,pass,L. Sembrant
5674976,2025-02-21,3930845,65.0,48.0,H. Bennison,566401,1.648,-12.0,-7.281553398058253,pass,L. Sembrant
5674976,2025-02-21,4023305,10.0,59.0,J. Falk,212517,2.56,16.0,6.25,pass,J. Rytting Kaneryd
5674976,2025-02-21,4061297,25.0,44.0,M. Eriksson,52012,4.172,29.0,6.9511025886864815,pass,J. Zigiotti Olme
5674976,2025-02-21,4192793,39.0,91.0,J. Rytting Kaneryd,248585,4.088,6.0,1.467710371819961,pass,S. Blackstenius
5674976,2025-02-21,4595637,43.0,3.0,F. Rolfö,52410,0.938,-1.0,-1.0660980810234542,pass,J. Zigiotti Olme
5674976,2025-02-21,4644987,56.0,13.0,K. Asllani,52644,1.142,-5.0,-4.378283712784588,pass,J. Zigiotti Olme
5674976,2025-02-21,4662865,90.0,87.0,S. Jakobsson,102487,2.113,5.0,2.36630383341221,pass,S. Jakobsson
5674976,2025-02-21,4818382,65.0,91.0,S. Blackstenius,248583,1.37,5.0,3.64963503649635,pass,S. Blackstenius
5674976,2025-02-21,4818382,68.0,90.0,,0,1.37,2.0,1.4598540145985401,pass,S. Blackstenius
5674976,2025-02-21,4838657,35.0,85.0,L. Sembrant,52976,1.432,5.0,3.4916201117318435,pass,H. Bennison
5674976,2025-02-21,4903671,56.0,27.0,K. Asllani,52644,2.065,-15.0,-7.263922518159807,pass,J. Zigiotti Olme
5674976,2025-02-21,5009412,47.0,28.0,F. Rolfö,52410,3.395,11.0,3.240058910162003,pass,S. Blackstenius
5674976,2025-02-21,5234628,34.0,24.0,F. Rolfö,52410,5.596,-2.0,-0.35739814152966404,pass,K. Asllani
5674976,2025-02-21,5235957,36.0,37.0,J. Zigiotti Olme,226313,4.267,-4.0,-0.9374267635340988,pass,K. Asllani
5674976,2025-02-21,5237719,34.0,28.0,K. Asllani,52644,2.505,-2.0,-0.7984031936127745,pass,K. Asllani
5674976,2025-02-21,5349170,44.0,54.0,J. Zigiotti Olme,226313,3.395,1.0,0.29455081001472755,pass,K. Asllani
5674976,2025-02-21,5351291,47.0,52.0,K. Asllani,52644,1.274,-2.0,-1.5698587127158556,pass,K. Asllani
5674976,2025-02-21,5477719,88.0,87.0,S. Jakobsson,102487,2.394,8.0,3.341687552213868,pass,S. Jakobsson
5674976,2025-02-21,5593633,27.0,19.0,J. Andersson,52072,2.537,13.0,5.124162396531337,pass,J. Andersson
5674976,2025-02-21,5685362,38.0,90.0,S. Jakobsson,102487,0.783,-21.0,-26.81992337164751,pass,H. Lundkvist
5674976,2025-02-21,5709066,35.0,30.0,J. Zigiotti Olme,226313,8.693,-23.0,-2.6458069711261936,pass,S. Jakobsson
5674976,2025-02-21,5756912,43.0,66.0,F. Rolfö,52410,9.297,-15.0,-1.6134236850596966,pass,K. Asllani
5674976,2025-02-21,5764674,19.0,39.0,J. Zigiotti Olme,226313,1.535,9.0,5.863192182410423,pass,K. Asllani
5674994,2025-04-04,4031,60.0,8.0,F. Rolfö,52410,2.004,-7.0,-3.493013972055888,pass,J. Andersson
5674994,2025-04-04,154612,68.0,76.0,F. Angeldahl,212489,1.414,1.0,0.7072135785007072,pass,F. Angeldahl
5674994,2025-04-04,155377,73.0,76.0,K. Asllani,52644,0.649,-4.0,-6.163328197226502,pass,F. Angeldahl
5674994,2025-04-04,223521,77.0,3.0,F. Rolfö,52410,3.515,-24.0,-6.827880512091038,pass,T. Eriksson
5674994,2025-04-04,244622,58.0,40.0,F. Rolfö,52410,3.722,9.0,2.418054809242343,pass,F. Rolfö
5674994,2025-04-04,313756,53.0,4.0,J. Andersson,52072,2.473,2.0,0.8087343307723414,pass,J. Zigiotti Olme
5674994,2025-04-04,315477,51.0,5.0,J. Andersson,52072,0.752,4.0,5.319148936170213,pass,J. Zigiotti Olme
5674994,2025-04-04,380949,54.0,76.0,J. Zigiotti Olme,226313,4.428,6.0,1.3550135501355014,pass,H. Lundkvist
5674994,2025-04-04,382547,52.0,91.0,H. Lundkvist,571908,2.83,8.0,2.8268551236749118,pass,H. Lundkvist
5674994,2025-04-04,392016,80.0,33.0,F. Rolfö,52410,1.832,-1.0,-0.5458515283842794,pass,F. Rolfö
5674994,2025-04-04,445698,40.0,96.0,H. Lundkvist,571908,5.148,18.0,3.4965034965034967,pass,J. Rytting Kaneryd
5674994,2025-04-04,446726,42.0,97.0,J. Rytting Kaneryd,248585,4.12,16.0,3.883495145631068,pass,J. Rytting Kaneryd
5674994,2025-04-04,448235,44.0,97.0,J. Rytting Kaneryd,248585,2.611,14.0,5.361930294906165,pass,J. Rytting Kaneryd
5674994,2025-04-04,463761,64.0,70.0,J. Zigiotti Olme,226313,5.999,-27.0,-4.500750125020837,pass,N. Björn
5674994,2025-04-04,564469,67.0,60.0,F. Rolfö,52410,1.963,2.0,1.0188487009679061,pass,F. Rolfö
5674994,2025-04-04,574811,75.0,31.0,F. Rolfö,52410,2.55,8.0,3.1372549019607847,pass,F. Rolfö
5674994,2025-04-04,694180,21.0,77.0,J. Rytting Kaneryd,248585,8.023,33.0,4.113174622958993,pass,K. Asllani
5674994,2025-04-04,870345,78.0,80.0,K. Asllani,52644,4.504,3.0,0.6660746003552398,pass,K. Asllani
5674994,2025-04-04,1085596,36.0,74.0,T. Eriksson,1064015,3.383,-15.0,-4.433934377771209,pass,J. Andersson
5674994,2025-04-04,1094497,38.0,92.0,J. Rytting Kaneryd,248585,3.756,-1.0,-0.26624068157614483,pass,F. Angeldahl
5674994,2025-04-04,1096259,26.0,89.0,H. Lundkvist,571908,1.994,11.0,5.516549648946841,pass,F. Angeldahl
5674994,2025-04-04,1100934,31.0,86.0,H. Lundkvist,571908,7.096,-12.0,-1.6910935738444193,pass,H. Lundkvist
5674994,2025-04-04,1102021,32.0,72.0,,0,6.009,-13.0,-2.163421534365119,pass,H. Lundkvist
5674994,2025-04-04,1102895,31.0,90.0,,0,5.135,-12.0,-2.3369036027263874,pass,H. Lundkvist
5674994,2025-04-04,1169922,92.0,22.0,S. Blackstenius,248583,2.402,6.0,2.497918401332223,pass,S. Blackstenius
5674994,2025-04-04,1190697,65.0,9.0,J. Andersson,52072,1.975,-7.0,-3.5443037974683542,pass,J. Andersson
5674994,2025-04-04,1244037,96.0,54.0,T. Eriksson,1064015,2.23,-8.0,-3.587443946188341,shot,F. Angeldahl
5674994,2025-04-04,1247224,91.0,53.0,T. Eriksson,1064015,1.291,4.0,3.098373353989156,shot,S. Blackstenius
5674994,2025-04-04,1247672,95.0,43.0,S. Blackstenius,248583,0.843,0.0,0.0,shot,S. Blackstenius
5674994,2025-04-04,1514807,53.0,51.0,K. Asllani,52644,3.783,-20.0,-5.286809410520751,pass,H. Lundkvist
5674994,2025-04-04,1617843,79.0,79.0,J. Rytting Kaneryd,248585,6.969,-1.0,-0.14349261013057826,pass,J. Rytting Kaneryd
5674994,2025-04-04,1680313,88.0,4.0,F. Rolfö,52410,3.048,9.0,2.952755905511811,pass,F. Rolfö
5674994,2025-04-04,1805106,52.0,7.0,J. Andersson,52072,4.108,9.0,2.1908471275559886,pass,F. Rolfö
5674994,2025-04-04,1852575,40.0,9.0,J. Andersson,52072,5.458,-3.0,-0.5496518871381458,pass,J. Andersson
5674994,2025-04-04,1856371,37.0,21.0,J. Zigiotti Olme,226313,1.662,0.0,0.0,pass,J. Andersson
5674994,2025-04-04,1873304,54.0,78.0,N. Björn,212490,1.734,4.0,2.306805074971165,pass,N. Björn
5674994,2025-04-04,1877629,69.0,71.0,K. Asllani,52644,1.817,-1.0,-0.5503577325261421,pass,K. Asllani
5674994,2025-04-04,1878021,68.0,66.0,K. Asllani,52644,1.425,0.0,0.0,pass,K. Asllani
5674994,2025-04-04,1880592,69.0,73.0,F. Angeldahl,212489,1.282,4.0,3.1201248049921997,pass,F. Angeldahl
5674994,2025-04-04,2009432,44.0,34.0,J. Zigiotti Olme,226313,5.247,-15.0,-2.858776443682104,pass,T. Eriksson
5674994,2025-04-04,2016931,41.0,4.0,F. Rolfö,52410,9.456,1.0,0.10575296108291032,free_kick,
5674994,2025-04-04,2060703,79.0,76.0,K. Asllani,52644,7.007,-5.0,-0.7135721421435708,pass,J. Zigiotti Olme
5674994,2025-04-04,2075952,69.0,79.0,F. Angeldahl,212489,0.825,-3.0,-3.6363636363636367,pass,F. Angeldahl
5674994,2025-04-04,2084555,92.0,37.0,S. Blackstenius,248583,2.759,-2.0,-0.7249003262051468,pass,S. Blackstenius
5674994,2025-04-04,2122654,90.0,89.0,H. Lundkvist,571908,2.132,6.0,2.8142589118198873,pass,H. Lundkvist
5674994,2025-04-04,2245670,21.0,34.0,J. Andersson,52072,2.445,7.0,2.8629856850715747,pass,F. Rolfö
5674994,2025-04-04,2295917,60.0,22.0,J. Zigiotti Olme,226313,1.97,-15.0,-7.614213197969543,pass,J. Andersson
5674994,2025-04-04,2333176,78.0,40.0,F. Angeldahl,212489,1.335,7.0,5.2434456928838955,shot,F. Angeldahl
5674994,2025-04-04,2336230,84.0,61.0,J. Rytting Kaneryd,248585,2.687,-4.0,-1.48864905098623,pass,J. Rytting Kaneryd
5674994,2025-04-04,2378251,40.0,62.0,,0,0.25,-8.0,-32.0,pass,J. Zigiotti Olme
5674994,2025-04-04,2632438,12.0,83.0,,0,1.1,2.0,1.8181818181818181,pass,J. Zigiotti Olme
5674994,2025-04-04,2730154,44.0,45.0,T. Eriksson,1064015,1.162,44.0,37.86574870912221,pass,K. Asllani
5674994,2025-04-04,2805678,21.0,24.0,T. Eriksson,1064015,0.76,0.0,0.0,pass,T. Eriksson
5674994,2025-04-04,2850075,91.0,63.0,N. Björn,212490,1.546,-2.0,-1.2936610608020698,shot,F. Rolfö
5674994,2025-04-04,2727423,91.0,88.0,J. Rytting Kaneryd,248585,2.645,-4.0,-1.5122873345935728,pass,J. Rytting Kaneryd
5674994,2025-04-04,2879729,50.0,88.0,N. Björn,212490,8.166,-16.0,-1.9593436198873377,pass,N. Björn
5674994,2025-04-04,2885648,42.0,67.0,J. Zigiotti Olme,226313,2.247,-8.0,-3.5603026257231867,pass,N. Björn
5674994,2025-04-04,2923529,78.0,35.0,J. Zigiotti Olme,226313,2.66,-12.0,-4.511278195488722,pass,F. Angeldahl
5674994,2025-04-04,2929257,79.0,50.0,S. Blackstenius,248583,0.845,0.0,0.0,shot,S. Blackstenius
5674994,2025-04-04,3020997,19.0,70.0,H. Lundkvist,571908,5.375,-8.0,-1.4883720930232558,pass,J. Falk
5674994,2025-04-04,3278582,71.0,92.0,K. Asllani,52644,2.272,4.0,1.7605633802816902,pass,J. Rytting Kaneryd
5674994,2025-04-04,3292002,73.0,27.0,J. Andersson,52072,4.182,-4.0,-0.9564801530368244,pass,J. Andersson
5674994,2025-04-04,3433634,23.0,19.0,J. Andersson,52072,1.999,7.0,3.5017508754377187,pass,F. Rolfö
5674994,2025-04-04,3646020,55.0,66.0,N. Björn,212490,2.043,2.0,0.978952520802741,pass,F. Angeldahl
5674994,2025-04-04,3878382,49.0,78.0,K. Asllani,52644,4.031,-15.0,-3.721161002232697,pass,F. Angeldahl
5674994,2025-04-04,3880643,31.0,81.0,N. Björn,212490,1.77,3.0,1.694915254237288,pass,F. Angeldahl
5674994,2025-04-04,4020996,14.0,35.0,T. Eriksson,1064015,2.35,10.0,4.25531914893617,pass,F. Rolfö
5674994,2025-04-04,4037298,14.0,33.0,T. Eriksson,1064015,8.661,34.0,3.925643690105069,pass,J. Rytting Kaneryd
5674994,2025-04-04,4152934,11.0,56.0,T. Eriksson,1064015,4.034,7.0,1.7352503718393655,pass,K. Asllani
5674994,2025-04-04,4154892,22.0,45.0,,0,2.076,-4.0,-1.9267822736030829,pass,K. Asllani
5674994,2025-04-04,4167063,46.0,93.0,F. Angeldahl,212489,1.711,-9.0,-5.260081823495032,pass,H. Lundkvist
5674994,2025-04-04,4290156,96.0,50.0,T. Eriksson,1064015,2.211,-8.0,-3.6182722749886933,pass,F. Angeldahl
5674994,2025-04-04,4370409,53.0,77.0,N. Björn,212490,1.287,-10.0,-7.77000777000777,pass,T. Eriksson
5674994,2025-04-04,4594688,77.0,77.0,R. Blomqvist,271524,6.468,-17.0,-2.6283240568954853,pass,J. Andersson
5674994,2025-04-04,4634584,61.0,84.0,,0,2.069,1.0,0.48332527791203483,pass,F. Angeldahl
5674994,2025-04-04,4684959,62.0,20.0,H. Bennison,566401,1.868,5.0,2.6766595289079227,pass,H. Bennison
5674994,2025-04-04,4692326,74.0,69.0,J. Rytting Kaneryd,248585,1.454,3.0,2.063273727647868,pass,R. Blomqvist
5674994,2025-04-04,4708560,61.0,77.0,H. Bennison,566401,3.827,2.0,0.5226025607525477,pass,H. Bennison
5674994,2025-04-04,4835611,68.0,14.0,F. Rolfö,52410,7.133,16.0,2.2430954717510163,pass,E. Wangerheim
5674994,2025-04-04,4838541,68.0,3.0,E. Wangerheim,676040,4.203,16.0,3.806804663335712,pass,E. Wangerheim
5674994,2025-04-04,4850690,76.0,41.0,R. Blomqvist,271524,7.009,-41.0,-5.849621914681124,pass,T. Eriksson
5674994,2025-04-04,4923528,21.0,13.0,R. Blomqvist,271524,3.264,-8.0,-2.450980392156863,pass,T. Eriksson
5674994,2025-04-04,4925037,13.0,28.0,J. Andersson,52072,1.755,0.0,0.0,pass,T. Eriksson
5674994,2025-04-04,5117530,84.0,74.0,H. Lundkvist,571908,3.998,-11.0,-2.7513756878439217,pass,F. Angeldahl
5674994,2025-04-04,5126170,85.0,97.0,S. Jakobsson,102487,1.673,4.0,2.390914524805738,pass,S. Jakobsson
5674994,2025-04-04,5241492,52.0,16.0,F. Rolfö,52410,9.334,-37.0,-3.964002571244911,pass,H. Bennison
5674994,2025-04-04,5249470,9.0,51.0,N. Björn,212490,1.356,6.0,4.424778761061947,pass,H. Bennison
5674994,2025-04-04,5254118,27.0,65.0,R. Blomqvist,271524,1.26,2.0,1.5873015873015872,pass,R. Blomqvist
5674994,2025-04-04,5304628,93.0,87.0,S. Jakobsson,102487,1.592,4.0,2.5125628140703515,pass,S. Jakobsson
5674994,2025-04-04,5365890,29.0,62.0,,0,9.483,-2.0,-0.21090372245070124,free_kick,N. Björn
5674994,2025-04-04,5388392,59.0,81.0,R. Blomqvist,271524,4.341,17.0,3.916148352914075,pass,R. Blomqvist
5674994,2025-04-04,5444775,94.0,85.0,S. Jakobsson,102487,2.029,2.0,0.9857072449482505,pass,S. Jakobsson
5674994,2025-04-04,5522602,40.0,39.0,T. Eriksson,1064015,7.274,-9.0,-1.2372834753918065,pass,T. Eriksson
5674994,2025-04-04,5564487,68.0,60.0,N. Björn,212490,0.995,4.0,4.0201005025125625,pass,N. Björn
5674994,2025-04-04,5789947,59.0,14.0,F. Rolfö,52410,3.549,-19.0,-5.353620738236123,pass,N. Björn
5674994,2025-04-04,5791761,44.0,33.0,T. Eriksson,1064015,1.735,-4.0,-2.3054755043227666,pass,N. Björn
5574551,2024-06-04,137493,55.0,12.0,F. Rolfö,52410,3.409,-25.0,-7.333528894103843,pass,L. Sembrant
5574551,2024-06-04,137678,51.0,18.0,,0,3.224,-21.0,-6.5136476426799,pass,L. Sembrant
5574551,2024-06-04,170424,85.0,16.0,F. Rolfö,52410,2.342,9.0,3.842869342442357,pass,F. Rolfö
5574551,2024-06-04,192236,17.0,92.0,J. Rytting Kaneryd,248585,6.818,-9.0,-1.3200352009386918,pass,L. Sembrant
5574551,2024-06-04,194975,12.0,66.0,J. Zigiotti Olme,226313,4.079,-4.0,-0.9806325079676392,pass,L. Sembrant
5574551,2024-06-04,287538,54.0,28.0,J. Andersson,52072,0.779,4.0,5.134788189987163,pass,J. Andersson
5574551,2024-06-04,402580,68.0,70.0,J. Rytting Kaneryd,248585,9.251,-23.0,-2.486217706193925,pass,J. Andersson
5574551,2024-06-04,409240,53.0,50.0,J. Zigiotti Olme,226313,2.591,-8.0,-3.0876109610189113,pass,J. Andersson
5574551,2024-06-04,663251,46.0,67.0,F. Angeldahl,212489,3.672,5.0,1.3616557734204793,pass,J. Zigiotti Olme
5574551,2024-06-04,664365,53.0,74.0,K. Asllani,52644,2.558,-2.0,-0.7818608287724785,pass,J. Zigiotti Olme
5574551,2024-06-04,665683,44.0,77.0,J. Zigiotti Olme,226313,1.24,7.0,5.645161290322581,pass,J. Zigiotti Olme
5574551,2024-06-04,721060,62.0,90.0,H. Lundkvist,571908,3.727,2.0,0.5366246310705661,pass,F. Angeldahl
5574551,2024-06-04,816811,20.0,13.0,M. Eriksson,52012,5.491,-7.0,-1.2748133309051175,pass,J. Andersson
5574551,2024-06-04,820022,19.0,5.0,J. Andersson,52072,2.28,-6.0,-2.6315789473684212,pass,J. Andersson
5574551,2024-06-04,871392,73.0,71.0,J. Rytting Kaneryd,248585,4.71,-25.0,-5.307855626326964,pass,L. Sembrant
5574551,2024-06-04,1104060,56.0,77.0,F. Angeldahl,212489,1.283,-8.0,-6.235385814497272,pass,H. Lundkvist
5574551,2024-06-04,1109207,66.0,75.0,K. Asllani,52644,1.017,-4.0,-3.9331366764995086,pass,K. Asllani
5574551,2024-06-04,1115548,90.0,28.0,F. Rolfö,52410,4.423,-4.0,-0.9043635541487678,pass,F. Rolfö
5574551,2024-06-04,1130639,89.0,16.0,J. Andersson,52072,6.848,-15.0,-2.1904205607476634,pass,F. Rolfö
5574551,2024-06-04,1194299,91.0,49.0,F. Rolfö,52410,0.75,1.0,1.3333333333333333,shot,F. Rolfö
5574551,2024-06-04,1234929,53.0,72.0,J. Zigiotti Olme,226313,5.649,-14.0,-2.4783147459727384,pass,J. Zigiotti Olme
5574551,2024-06-04,1236811,41.0,76.0,L. Sembrant,52976,3.767,-2.0,-0.5309264666843643,pass,J. Zigiotti Olme
5574551,2024-06-04,1239177,44.0,79.0,L. Sembrant,52976,1.401,-5.0,-3.5688793718772307,pass,J. Zigiotti Olme
5574551,2024-06-04,1310814,52.0,88.0,J. Rytting Kaneryd,248585,9.749,4.0,0.4102984921530413,pass,F. Rolfö
5574551,2024-06-04,1312409,57.0,78.0,K. Asllani,52644,8.154,-1.0,-0.12263919548687761,pass,F. Rolfö
5574551,2024-06-04,1528913,60.0,41.0,M. Eriksson,52012,1.696,-9.0,-5.306603773584905,pass,J. Andersson
5574551,2024-06-04,1540501,88.0,41.0,F. Rolfö,52410,1.212,1.0,0.8250825082508251,shot,F. Rolfö
5574551,2024-06-04,1599231,94.0,61.0,H. Lundkvist,571908,4.344,3.0,0.6906077348066297,pass,H. Lundkvist
5574551,2024-06-04,1603363,96.0,88.0,H. Lundkvist,571908,0.212,1.0,4.716981132075472,pass,H. Lundkvist
5574551,2024-06-04,1681078,55.0,26.0,M. Janogy,52663,1.463,-12.0,-8.202323991797675,pass,J. Zigiotti Olme
5574551,2024-06-04,1681785,44.0,31.0,J. Zigiotti Olme,226313,0.756,-1.0,-1.3227513227513228,pass,J. Zigiotti Olme
5574551,2024-06-04,1683405,35.0,34.0,M. Eriksson,52012,0.551,4.0,7.259528130671506,pass,M. Eriksson
5574551,2024-06-04,1685701,44.0,36.0,K. Asllani,52644,1.965,-3.0,-1.5267175572519083,pass,K. Asllani
5574551,2024-06-04,1720057,62.0,70.0,H. Lundkvist,571908,7.38,27.0,3.658536585365854,pass,K. Asllani
5574551,2024-06-04,1721480,66.0,69.0,K. Asllani,52644,5.957,23.0,3.8610038610038613,pass,K. Asllani
5574551,2024-06-04,1726236,80.0,77.0,K. Asllani,52644,1.201,9.0,7.493755203996669,pass,K. Asllani
5574551,2024-06-04,1728667,91.0,48.0,M. Janogy,52663,2.574,-3.0,-1.1655011655011656,shot,M. Janogy
5574551,2024-06-04,1789702,33.0,83.0,L. Sembrant,52976,1.258,0.0,0.0,pass,F. Angeldahl
5574551,2024-06-04,1789706,34.0,83.0,J. Zigiotti Olme,226313,1.254,-1.0,-0.7974481658692185,pass,F. Angeldahl
5574551,2024-06-04,1795773,36.0,61.0,J. Zigiotti Olme,226313,3.556,5.0,1.40607424071991,pass,F. Angeldahl
5574551,2024-06-04,2205021,86.0,11.0,M. Janogy,52663,8.209,-5.0,-0.6090875867949811,pass,F. Rolfö
5574551,2024-06-04,2219790,96.0,7.0,J. Andersson,52072,5.448,-33.0,-6.05726872246696,pass,M. Eriksson
5574551,2024-06-04,2387714,87.0,82.0,J. Rytting Kaneryd,248585,8.001,-19.0,-2.374703162104737,pass,J. Zigiotti Olme
5574551,2024-06-04,2388195,86.0,75.0,J. Rytting Kaneryd,248585,7.52,-18.0,-2.393617021276596,pass,J. Zigiotti Olme
5574551,2024-06-04,2460489,42.0,83.0,J. Zigiotti Olme,226313,5.176,9.0,1.7387944358578051,pass,F. Rolfö
5574551,2024-06-04,2460668,45.0,82.0,,0,4.997,6.0,1.2007204322593557,pass,F. Rolfö
5574551,2024-06-04,2538100,62.0,90.0,J. Zigiotti Olme,226313,2.656,10.0,3.765060240963855,pass,J. Rytting Kaneryd
5574551,2024-06-04,2625816,63.0,74.0,K. Asllani,52644,2.5,4.0,1.6,pass,K. Asllani
5574551,2024-06-04,2626885,68.0,69.0,M. Janogy,52663,1.431,-1.0,-0.6988120195667366,pass,K. Asllani
5574551,2024-06-04,2627814,68.0,74.0,,0,0.502,-1.0,-1.9920318725099602,pass,K. Asllani
5574551,2024-06-04,2695038,71.0,93.0,J. Rytting Kaneryd,248585,0.967,-7.0,-7.238883143743537,pass,J. Rytting Kaneryd
5574551,2024-06-04,2697596,59.0,93.0,H. Lundkvist,571908,5.452,-16.0,-2.93470286133529,pass,J. Rytting Kaneryd
5574551,2024-06-04,2748490,55.0,77.0,J. Zigiotti Olme,226313,1.868,10.0,5.353319057815845,pass,K. Asllani
5574551,2024-06-04,2848719,67.0,50.0,,0,4.859,-14.0,-2.881251286272896,pass,J. Zigiotti Olme
5574551,2024-06-04,2857250,68.0,24.0,M. Janogy,52663,0.943,-4.0,-4.241781548250265,pass,M. Janogy
5574551,2024-06-04,2914355,58.0,35.0,J. Andersson,52072,3.419,4.0,1.16993272886809,pass,F. Angeldahl
5574551,2024-06-04,2714012,41.0,72.0,J. Zigiotti Olme,226313,8.633,-24.0,-2.7800301169929345,pass,L. Sembrant
5574551,2024-06-04,2744449,11.0,83.0,H. Lundkvist,571908,5.909,54.0,9.138602132340498,pass,K. Asllani
5574551,2024-06-04,2747014,7.0,84.0,J. Rytting Kaneryd,248585,3.344,58.0,17.3444976076555,pass,K. Asllani
5574551,2024-06-04,2761138,28.0,34.0,F. Rolfö,52410,7.677,-11.0,-1.432851374234727,pass,H. Lundkvist
5574551,2024-06-04,2764017,34.0,31.0,,0,4.798,-17.0,-3.5431429762401,pass,H. Lundkvist
5574551,2024-06-04,2843914,9.0,50.0,L. Sembrant,52976,9.664,44.0,4.552980132450331,pass,J. Zigiotti Olme
5574551,2024-06-04,2845938,22.0,67.0,F. Angeldahl,212489,7.64,31.0,4.057591623036649,pass,J. Zigiotti Olme
5574551,2024-06-04,2859810,24.0,92.0,H. Lundkvist,571908,1.887,38.0,20.1377848436672,pass,F. Rolfö
5574551,2024-06-04,2880792,89.0,26.0,F. Rolfö,52410,0.907,-3.0,-3.3076074972436604,pass,F. Rolfö
5574551,2024-06-04,2890148,74.0,20.0,F. Rolfö,52410,5.537,-34.0,-6.140509301065559,pass,L. Sembrant
5574551,2024-06-04,2892717,73.0,16.0,F. Rolfö,52410,2.968,-33.0,-11.118598382749326,pass,L. Sembrant
5574551,2024-06-04,3023018,37.0,45.0,J. Andersson,52072,0.457,4.0,8.752735229759299,pass,J. Andersson
5574551,2024-06-04,3025614,40.0,44.0,J. Zigiotti Olme,226313,4.31,-5.0,-1.160092807424594,pass,L. Sembrant
5574551,2024-06-04,3034786,54.0,40.0,F. Rolfö,52410,3.568,14.0,3.9237668161434978,pass,F. Rolfö
5574551,2024-06-04,3096839,86.0,19.0,M. Janogy,52663,8.475,-15.0,-1.7699115044247788,pass,J. Zigiotti Olme
5574551,2024-06-04,3108392,87.0,9.0,J. Andersson,52072,2.807,10.0,3.5625222657641613,pass,J. Andersson
5574551,2024-06-04,3114891,84.0,11.0,F. Rolfö,52410,3.251,-8.0,-2.460781298062135,pass,F. Rolfö
5574551,2024-06-04,3157517,58.0,17.0,F. Rolfö,52410,2.258,-16.0,-7.085916740478299,pass,M. Eriksson
5574551,2024-06-04,3227037,38.0,28.0,J. Zigiotti Olme,226313,2.33,-5.0,-2.1459227467811157,pass,J. Andersson
5574551,2024-06-04,3324941,25.0,61.0,L. Sembrant,52976,2.329,10.0,4.293688278231,pass,F. Angeldahl
5574551,2024-06-04,3375536,37.0,65.0,L. Sembrant,52976,9.559,-20.0,-2.092269065801862,pass,H. Lundkvist
5574551,2024-06-04,3500780,54.0,6.0,J. Andersson,52072,1.093,-14.0,-12.808783165599268,pass,J. Andersson
5574551,2024-06-04,3612684,72.0,88.0,H. Lundkvist,571908,7.811,12.0,1.5362949686339777,pass,H. Lundkvist
5574551,2024-06-04,3619389,84.0,86.0,H. Lundkvist,571908,1.106,0.0,0.0,pass,H. Lundkvist
5574551,2024-06-04,3648013,38.0,68.0,L. Sembrant,52976,2.752,-4.0,-1.4534883720930234,pass,L. Sembrant
5574551,2024-06-04,3695332,11.0,97.0,H. Lundkvist,571908,4.527,15.0,3.313452617627568,pass,J. Rytting Kaneryd
5574551,2024-06-04,3740842,30.0,25.0,J. Zigiotti Olme,226313,6.27,4.0,0.6379585326953748,pass,H. Lundkvist
5574551,2024-06-04,3797437,55.0,74.0,J. Zigiotti Olme,226313,1.311,-10.0,-7.627765064836003,pass,F. Angeldahl
5574551,2024-06-04,3799805,56.0,78.0,J. Zigiotti Olme,226313,6.459,-7.0,-1.0837590958352687,free_kick,F. Angeldahl
5574551,2024-06-04,3811573,62.0,88.0,J. Rytting Kaneryd,248585,6.538,-17.0,-2.6001835423676964,pass,F. Angeldahl
5574551,2024-06-04,3817866,42.0,80.0,L. Sembrant,52976,0.245,3.0,12.244897959183673,pass,F. Angeldahl
5574551,2024-06-04,4116303,47.0,64.0,J. Zigiotti Olme,226313,4.881,-11.0,-2.253636549887318,pass,J. Andersson
5574551,2024-06-04,4119218,41.0,58.0,J. Zigiotti Olme,226313,1.966,-5.0,-2.5432349949135302,pass,J. Andersson
5574551,2024-06-04,4141803,69.0,63.0,R. Kafaji,675985,3.102,7.0,2.256608639587363,shot,R. Kafaji
5574551,2024-06-04,4469538,13.0,85.0,H. Lundkvist,571908,1.264,9.0,7.120253164556962,pass,H. Bennison
5574551,2024-06-04,4533364,38.0,97.0,H. Lundkvist,571908,1.213,1.0,0.8244023083264632,pass,H. Lundkvist
5574551,2024-06-04,4800084,80.0,86.0,H. Lundkvist,571908,0.605,4.0,6.6115702479338845,pass,H. Lundkvist
5574551,2024-06-04,4923832,77.0,82.0,R. Kafaji,675985,3.732,-4.0,-1.0718113612004287,pass,R. Kafaji
5574551,2024-06-04,4987685,97.0,50.0,M. Eriksson,52012,0.95,2.0,2.1052631578947367,shot,M. Eriksson
5574551,2024-06-04,5064075,45.0,91.0,R. Kafaji,675985,5.312,12.0,2.259036144578313,pass,R. Kafaji
5574551,2024-06-04,5065889,45.0,87.0,R. Kafaji,675985,3.498,12.0,3.4305317324185247,pass,R. Kafaji
5574551,2024-06-04,5154998,96.0,55.0,L. Sembrant,52976,2.141,-2.0,-0.9341429238673516,pass,L. Sembrant
5574551,2024-06-04,5200040,41.0,9.0,F. Rolfö,52410,4.839,-22.0,-4.5463938830336845,pass,M. Eriksson
5574551,2024-06-04,5200462,42.0,11.0,R. Kafaji,675985,4.417,-23.0,-5.207154177043242,pass,M. Eriksson
5574551,2024-06-04,5202511,40.0,8.0,F. Rolfö,52410,2.368,-21.0,-8.868243243243244,pass,M. Eriksson
5574551,2024-06-04,5211034,43.0,22.0,R. Kafaji,675985,1.954,4.0,2.0470829068577276,pass,R. Kafaji
5574551,2024-06-04,5221038,88.0,72.0,S. Jakobsson,102487,7.172,-48.0,-6.692693809258227,pass,M. Eriksson
5574551,2024-06-04,5255386,69.0,74.0,,0,0.377,-2.0,-5.305039787798409,pass,S. Jakobsson
5574551,2024-06-04,5258859,78.0,68.0,R. Kafaji,675985,1.997,8.0,4.006009013520281,pass,R. Kafaji
5574551,2024-06-04,5362946,13.0,43.0,M. Eriksson,52012,0.648,13.0,20.061728395061728,pass,H. Bennison
5574551,2024-06-04,5463216,59.0,24.0,J. Zigiotti Olme,226313,2.945,-5.0,-1.697792869269949,pass,F. Rolfö
5574551,2024-06-04,5493486,90.0,25.0,R. Kafaji,675985,0.444,-2.0,-4.504504504504505,shot,R. Kafaji
5574551,2024-06-04,5540555,66.0,35.0,P. Hammarlund,52990,1.882,-12.0,-6.376195536663125,pass,J. Zigiotti Olme
5574551,2024-06-04,5554373,71.0,5.0,,0,0.441,-6.0,-13.605442176870747,pass,F. Rolfö
